Relative_Compactness_Scaled,Surface_Area_Scaled,Wall_Area_Scaled,Roof_Area_Scaled,Overall_Height_Scaled,Orientation_Scaled,Glazing_Area_Scaled,Glazing_Area_Distribution_Scaled,Heating_Load,Cooling_Load
2.041776714868123,-1.7858748871144468,-0.5619514869490164,-1.4700766373536769,1.0,-1.3416407864998738,-1.7604469755488257,-1.8145751367274014,15.55,21.33
2.041776714868123,-1.7858748871144468,-0.5619514869490164,-1.4700766373536769,1.0,-0.4472135954999579,-1.7604469755488257,-1.8145751367274014,15.55,21.33
2.041776714868123,-1.7858748871144468,-0.5619514869490164,-1.4700766373536769,1.0,0.4472135954999579,-1.7604469755488257,-1.8145751367274014,15.55,21.33
2.041776714868123,-1.7858748871144468,-0.5619514869490164,-1.4700766373536769,1.0,1.3416407864998738,-1.7604469755488257,-1.8145751367274014,15.55,21.33
1.2849791680444174,-1.2292385586631907,0.0,-1.1986778735345365,1.0,-1.3416407864998738,-1.7604469755488257,-1.8145751367274014,20.84,28.28
1.2849791680444174,-1.2292385586631907,0.0,-1.1986778735345365,1.0,-0.4472135954999579,-1.7604469755488257,-1.8145751367274014,21.46,25.38
1.2849791680444174,-1.2292385586631907,0.0,-1.1986778735345365,1.0,0.4472135954999579,-1.7604469755488257,-1.8145751367274014,20.71,25.16
1.2849791680444174,-1.2292385586631907,0.0,-1.1986778735345365,1.0,1.3416407864998738,-1.7604469755488257,-1.8145751367274014,19.68,29.6
0.9065803946325642,-0.9509203944375627,-0.5619514869490164,-0.6558803458962558,1.0,-1.3416407864998738,-1.7604469755488257,-1.8145751367274014,19.5,27.3
0.9065803946325642,-0.9509203944375627,-0.5619514869490164,-0.6558803458962558,1.0,-0.4472135954999579,-1.7604469755488257,-1.8145751367274014,19.95,21.97
0.9065803946325642,-0.9509203944375627,-0.5619514869490164,-0.6558803458962558,1.0,0.4472135954999579,-1.7604469755488257,-1.8145751367274014,19.34,23.49
0.9065803946325642,-0.9509203944375627,-0.5619514869490164,-0.6558803458962558,1.0,1.3416407864998738,-1.7604469755488257,-1.8145751367274014,18.31,27.87
0.528181621220711,-0.6726022302119348,0.0,-0.6558803458962558,1.0,-1.3416407864998738,-1.7604469755488257,-1.8145751367274014,17.05,23.77
0.528181621220711,-0.6726022302119348,0.0,-0.6558803458962558,1.0,-0.4472135954999579,-1.7604469755488257,-1.8145751367274014,17.41,21.46
0.528181621220711,-0.6726022302119348,0.0,-0.6558803458962558,1.0,0.4472135954999579,-1.7604469755488257,-1.8145751367274014,16.95,21.16
0.528181621220711,-0.6726022302119348,0.0,-0.6558803458962558,1.0,1.3416407864998738,-1.7604469755488257,-1.8145751367274014,15.98,24.93
0.24438254116182206,-0.3942840659863067,0.5619514869490164,-0.6558803458962558,1.0,-1.3416407864998738,-1.7604469755488257,-1.8145751367274014,28.52,37.73
0.24438254116182206,-0.3942840659863067,0.5619514869490164,-0.6558803458962558,1.0,-0.4472135954999579,-1.7604469755488257,-1.8145751367274014,29.9,31.27
0.24438254116182206,-0.3942840659863067,0.5619514869490164,-0.6558803458962558,1.0,0.4472135954999579,-1.7604469755488257,-1.8145751367274014,29.63,30.93
0.24438254116182206,-0.3942840659863067,0.5619514869490164,-0.6558803458962558,1.0,1.3416407864998738,-1.7604469755488257,-1.8145751367274014,28.75,39.44
-0.03941653889706787,-0.11596590176067875,2.2478059477960657,-1.1986778735345365,1.0,-1.3416407864998738,-1.7604469755488257,-1.8145751367274014,24.77,29.79
-0.03941653889706787,-0.11596590176067875,2.2478059477960657,-1.1986778735345365,1.0,-0.4472135954999579,-1.7604469755488257,-1.8145751367274014,23.93,29.68
-0.03941653889706787,-0.11596590176067875,2.2478059477960657,-1.1986778735345365,1.0,0.4472135954999579,-1.7604469755488257,-1.8145751367274014,24.77,29.79
-0.03941653889706787,-0.11596590176067875,2.2478059477960657,-1.1986778735345365,1.0,1.3416407864998738,-1.7604469755488257,-1.8145751367274014,23.93,29.4
-0.22861592560299449,0.16235226246494922,-1.6858544608470492,0.9725122370185867,-1.0,-1.3416407864998738,-1.7604469755488257,-1.8145751367274014,6.07,10.9
-0.22861592560299449,0.16235226246494922,-1.6858544608470492,0.9725122370185867,-1.0,-0.4472135954999579,-1.7604469755488257,-1.8145751367274014,6.05,11.19
-0.22861592560299449,0.16235226246494922,-1.6858544608470492,0.9725122370185867,-1.0,0.4472135954999579,-1.7604469755488257,-1.8145751367274014,6.01,10.94
-0.22861592560299449,0.16235226246494922,-1.6858544608470492,0.9725122370185867,-1.0,1.3416407864998738,-1.7604469755488257,-1.8145751367274014,6.04,11.17
-0.5124150056618845,0.4406704266905772,-1.1239029738980328,0.9725122370185867,-1.0,-1.3416407864998738,-1.7604469755488257,-1.8145751367274014,6.37,11.27
-0.5124150056618845,0.4406704266905772,-1.1239029738980328,0.9725122370185867,-1.0,-0.4472135954999579,-1.7604469755488257,-1.8145751367274014,6.4,11.72
-0.5124150056618845,0.4406704266905772,-1.1239029738980328,0.9725122370185867,-1.0,0.4472135954999579,-1.7604469755488257,-1.8145751367274014,6.37,11.29
-0.5124150056618845,0.4406704266905772,-1.1239029738980328,0.9725122370185867,-1.0,1.3416407864998738,-1.7604469755488257,-1.8145751367274014,6.4,11.67
-0.7016143923678111,0.7189885909162052,-0.5619514869490164,0.9725122370185867,-1.0,-1.3416407864998738,-1.7604469755488257,-1.8145751367274014,6.85,11.74
-0.7016143923678111,0.7189885909162052,-0.5619514869490164,0.9725122370185867,-1.0,-0.4472135954999579,-1.7604469755488257,-1.8145751367274014,6.79,12.05
-0.7016143923678111,0.7189885909162052,-0.5619514869490164,0.9725122370185867,-1.0,0.4472135954999579,-1.7604469755488257,-1.8145751367274014,6.77,11.73
-0.7016143923678111,0.7189885909162052,-0.5619514869490164,0.9725122370185867,-1.0,1.3416407864998738,-1.7604469755488257,-1.8145751367274014,6.81,11.93
-0.9854134724267,0.9973067551418332,0.0,0.9725122370185867,-1.0,-1.3416407864998738,-1.7604469755488257,-1.8145751367274014,7.18,12.4
-0.9854134724267,0.9973067551418332,0.0,0.9725122370185867,-1.0,-0.4472135954999579,-1.7604469755488257,-1.8145751367274014,7.1,12.23
-0.9854134724267,0.9973067551418332,0.0,0.9725122370185867,-1.0,0.4472135954999579,-1.7604469755488257,-1.8145751367274014,7.1,12.4
-0.9854134724267,0.9973067551418332,0.0,0.9725122370185867,-1.0,1.3416407864998738,-1.7604469755488257,-1.8145751367274014,7.1,12.14
-1.1746128591326266,1.2756249193674611,0.5619514869490164,0.9725122370185867,-1.0,-1.3416407864998738,-1.7604469755488257,-1.8145751367274014,10.85,16.78
-1.1746128591326266,1.2756249193674611,0.5619514869490164,0.9725122370185867,-1.0,-0.4472135954999579,-1.7604469755488257,-1.8145751367274014,10.54,16.8
-1.1746128591326266,1.2756249193674611,0.5619514869490164,0.9725122370185867,-1.0,0.4472135954999579,-1.7604469755488257,-1.8145751367274014,10.77,16.75
-1.1746128591326266,1.2756249193674611,0.5619514869490164,0.9725122370185867,-1.0,1.3416407864998738,-1.7604469755488257,-1.8145751367274014,10.56,16.67
-1.363812245838553,1.5539430835930892,1.1239029738980328,0.9725122370185867,-1.0,-1.3416407864998738,-1.7604469755488257,-1.8145751367274014,8.6,12.07
-1.363812245838553,1.5539430835930892,1.1239029738980328,0.9725122370185867,-1.0,-0.4472135954999579,-1.7604469755488257,-1.8145751367274014,8.49,12.22
-1.363812245838553,1.5539430835930892,1.1239029738980328,0.9725122370185867,-1.0,0.4472135954999579,-1.7604469755488257,-1.8145751367274014,8.45,12.08
-1.363812245838553,1.5539430835930892,1.1239029738980328,0.9725122370185867,-1.0,1.3416407864998738,-1.7604469755488257,-1.8145751367274014,8.5,12.04
2.041776714868123,-1.7858748871144468,-0.5619514869490164,-1.4700766373536769,1.0,-1.3416407864998738,-1.0093229326479933,-1.169392865890992,24.58,26.47
2.041776714868123,-1.7858748871144468,-0.5619514869490164,-1.4700766373536769,1.0,-0.4472135954999579,-1.0093229326479933,-1.169392865890992,24.63,26.37
2.041776714868123,-1.7858748871144468,-0.5619514869490164,-1.4700766373536769,1.0,0.4472135954999579,-1.0093229326479933,-1.169392865890992,24.63,26.44
2.041776714868123,-1.7858748871144468,-0.5619514869490164,-1.4700766373536769,1.0,1.3416407864998738,-1.0093229326479933,-1.169392865890992,24.59,26.29
1.2849791680444174,-1.2292385586631907,0.0,-1.1986778735345365,1.0,-1.3416407864998738,-1.0093229326479933,-1.169392865890992,29.03,32.92
1.2849791680444174,-1.2292385586631907,0.0,-1.1986778735345365,1.0,-0.4472135954999579,-1.0093229326479933,-1.169392865890992,29.87,29.87
1.2849791680444174,-1.2292385586631907,0.0,-1.1986778735345365,1.0,0.4472135954999579,-1.0093229326479933,-1.169392865890992,29.14,29.58
1.2849791680444174,-1.2292385586631907,0.0,-1.1986778735345365,1.0,1.3416407864998738,-1.0093229326479933,-1.169392865890992,28.09,34.33
0.9065803946325642,-0.9509203944375627,-0.5619514869490164,-0.6558803458962558,1.0,-1.3416407864998738,-1.0093229326479933,-1.169392865890992,26.28,30.89
0.9065803946325642,-0.9509203944375627,-0.5619514869490164,-0.6558803458962558,1.0,-0.4472135954999579,-1.0093229326479933,-1.169392865890992,26.91,25.6
0.9065803946325642,-0.9509203944375627,-0.5619514869490164,-0.6558803458962558,1.0,0.4472135954999579,-1.0093229326479933,-1.169392865890992,26.37,27.03
0.9065803946325642,-0.9509203944375627,-0.5619514869490164,-0.6558803458962558,1.0,1.3416407864998738,-1.0093229326479933,-1.169392865890992,25.27,31.73
0.528181621220711,-0.6726022302119348,0.0,-0.6558803458962558,1.0,-1.3416407864998738,-1.0093229326479933,-1.169392865890992,23.53,27.31
0.528181621220711,-0.6726022302119348,0.0,-0.6558803458962558,1.0,-0.4472135954999579,-1.0093229326479933,-1.169392865890992,24.03,24.91
0.528181621220711,-0.6726022302119348,0.0,-0.6558803458962558,1.0,0.4472135954999579,-1.0093229326479933,-1.169392865890992,23.54,24.61
0.528181621220711,-0.6726022302119348,0.0,-0.6558803458962558,1.0,1.3416407864998738,-1.0093229326479933,-1.169392865890992,22.58,28.51
0.24438254116182206,-0.3942840659863067,0.5619514869490164,-0.6558803458962558,1.0,-1.3416407864998738,-1.0093229326479933,-1.169392865890992,35.56,41.68
0.24438254116182206,-0.3942840659863067,0.5619514869490164,-0.6558803458962558,1.0,-0.4472135954999579,-1.0093229326479933,-1.169392865890992,37.12,35.28
0.24438254116182206,-0.3942840659863067,0.5619514869490164,-0.6558803458962558,1.0,0.4472135954999579,-1.0093229326479933,-1.169392865890992,36.9,34.43
0.24438254116182206,-0.3942840659863067,0.5619514869490164,-0.6558803458962558,1.0,1.3416407864998738,-1.0093229326479933,-1.169392865890992,35.94,43.33
-0.03941653889706787,-0.11596590176067875,2.2478059477960657,-1.1986778735345365,1.0,-1.3416407864998738,-1.0093229326479933,-1.169392865890992,32.96,33.87
-0.03941653889706787,-0.11596590176067875,2.2478059477960657,-1.1986778735345365,1.0,-0.4472135954999579,-1.0093229326479933,-1.169392865890992,32.12,34.07
-0.03941653889706787,-0.11596590176067875,2.2478059477960657,-1.1986778735345365,1.0,0.4472135954999579,-1.0093229326479933,-1.169392865890992,32.94,34.14
-0.03941653889706787,-0.11596590176067875,2.2478059477960657,-1.1986778735345365,1.0,1.3416407864998738,-1.0093229326479933,-1.169392865890992,32.21,33.67
-0.22861592560299449,0.16235226246494922,-1.6858544608470492,0.9725122370185867,-1.0,-1.3416407864998738,-1.0093229326479933,-1.169392865890992,10.36,13.43
-0.22861592560299449,0.16235226246494922,-1.6858544608470492,0.9725122370185867,-1.0,-0.4472135954999579,-1.0093229326479933,-1.169392865890992,10.43,13.71
-0.22861592560299449,0.16235226246494922,-1.6858544608470492,0.9725122370185867,-1.0,0.4472135954999579,-1.0093229326479933,-1.169392865890992,10.36,13.48
-0.22861592560299449,0.16235226246494922,-1.6858544608470492,0.9725122370185867,-1.0,1.3416407864998738,-1.0093229326479933,-1.169392865890992,10.39,13.7
-0.5124150056618845,0.4406704266905772,-1.1239029738980328,0.9725122370185867,-1.0,-1.3416407864998738,-1.0093229326479933,-1.169392865890992,10.71,13.8
-0.5124150056618845,0.4406704266905772,-1.1239029738980328,0.9725122370185867,-1.0,-0.4472135954999579,-1.0093229326479933,-1.169392865890992,10.8,14.28
-0.5124150056618845,0.4406704266905772,-1.1239029738980328,0.9725122370185867,-1.0,0.4472135954999579,-1.0093229326479933,-1.169392865890992,10.7,13.87
-0.5124150056618845,0.4406704266905772,-1.1239029738980328,0.9725122370185867,-1.0,1.3416407864998738,-1.0093229326479933,-1.169392865890992,10.75,14.27
-0.7016143923678111,0.7189885909162052,-0.5619514869490164,0.9725122370185867,-1.0,-1.3416407864998738,-1.0093229326479933,-1.169392865890992,11.11,14.28
-0.7016143923678111,0.7189885909162052,-0.5619514869490164,0.9725122370185867,-1.0,-0.4472135954999579,-1.0093229326479933,-1.169392865890992,11.13,14.61
-0.7016143923678111,0.7189885909162052,-0.5619514869490164,0.9725122370185867,-1.0,0.4472135954999579,-1.0093229326479933,-1.169392865890992,11.09,14.3
-0.7016143923678111,0.7189885909162052,-0.5619514869490164,0.9725122370185867,-1.0,1.3416407864998738,-1.0093229326479933,-1.169392865890992,11.16,14.45
-0.9854134724267,0.9973067551418332,0.0,0.9725122370185867,-1.0,-1.3416407864998738,-1.0093229326479933,-1.169392865890992,11.68,13.9
-0.9854134724267,0.9973067551418332,0.0,0.9725122370185867,-1.0,-0.4472135954999579,-1.0093229326479933,-1.169392865890992,11.69,13.72
-0.9854134724267,0.9973067551418332,0.0,0.9725122370185867,-1.0,0.4472135954999579,-1.0093229326479933,-1.169392865890992,11.7,13.88
-0.9854134724267,0.9973067551418332,0.0,0.9725122370185867,-1.0,1.3416407864998738,-1.0093229326479933,-1.169392865890992,11.69,13.65
-1.1746128591326266,1.2756249193674611,0.5619514869490164,0.9725122370185867,-1.0,-1.3416407864998738,-1.0093229326479933,-1.169392865890992,15.41,19.37
-1.1746128591326266,1.2756249193674611,0.5619514869490164,0.9725122370185867,-1.0,-0.4472135954999579,-1.0093229326479933,-1.169392865890992,15.2,19.43
-1.1746128591326266,1.2756249193674611,0.5619514869490164,0.9725122370185867,-1.0,0.4472135954999579,-1.0093229326479933,-1.169392865890992,15.42,19.34
-1.1746128591326266,1.2756249193674611,0.5619514869490164,0.9725122370185867,-1.0,1.3416407864998738,-1.0093229326479933,-1.169392865890992,15.21,19.32
-1.363812245838553,1.5539430835930892,1.1239029738980328,0.9725122370185867,-1.0,-1.3416407864998738,-1.0093229326479933,-1.169392865890992,12.96,14.34
-1.363812245838553,1.5539430835930892,1.1239029738980328,0.9725122370185867,-1.0,-0.4472135954999579,-1.0093229326479933,-1.169392865890992,12.97,14.5
-1.363812245838553,1.5539430835930892,1.1239029738980328,0.9725122370185867,-1.0,0.4472135954999579,-1.0093229326479933,-1.169392865890992,12.93,14.33
-1.363812245838553,1.5539430835930892,1.1239029738980328,0.9725122370185867,-1.0,1.3416407864998738,-1.0093229326479933,-1.169392865890992,13.02,14.27
2.041776714868123,-1.7858748871144468,-0.5619514869490164,-1.4700766373536769,1.0,-1.3416407864998738,-1.0093229326479933,-0.5242105950545827,24.29,25.95
2.041776714868123,-1.7858748871144468,-0.5619514869490164,-1.4700766373536769,1.0,-0.4472135954999579,-1.0093229326479933,-0.5242105950545827,24.31,25.63
2.041776714868123,-1.7858748871144468,-0.5619514869490164,-1.4700766373536769,1.0,0.4472135954999579,-1.0093229326479933,-0.5242105950545827,24.13,26.13
2.041776714868123,-1.7858748871144468,-0.5619514869490164,-1.4700766373536769,1.0,1.3416407864998738,-1.0093229326479933,-0.5242105950545827,24.25,25.89
1.2849791680444174,-1.2292385586631907,0.0,-1.1986778735345365,1.0,-1.3416407864998738,-1.0093229326479933,-0.5242105950545827,28.88,32.54
1.2849791680444174,-1.2292385586631907,0.0,-1.1986778735345365,1.0,-0.4472135954999579,-1.0093229326479933,-0.5242105950545827,29.68,29.44
1.2849791680444174,-1.2292385586631907,0.0,-1.1986778735345365,1.0,0.4472135954999579,-1.0093229326479933,-0.5242105950545827,28.83,29.36
1.2849791680444174,-1.2292385586631907,0.0,-1.1986778735345365,1.0,1.3416407864998738,-1.0093229326479933,-0.5242105950545827,27.9,34.2
0.9065803946325642,-0.9509203944375627,-0.5619514869490164,-0.6558803458962558,1.0,-1.3416407864998738,-1.0093229326479933,-0.5242105950545827,26.48,30.91
0.9065803946325642,-0.9509203944375627,-0.5619514869490164,-0.6558803458962558,1.0,-0.4472135954999579,-1.0093229326479933,-0.5242105950545827,27.02,25.63
0.9065803946325642,-0.9509203944375627,-0.5619514869490164,-0.6558803458962558,1.0,0.4472135954999579,-1.0093229326479933,-0.5242105950545827,26.33,27.36
0.9065803946325642,-0.9509203944375627,-0.5619514869490164,-0.6558803458962558,1.0,1.3416407864998738,-1.0093229326479933,-0.5242105950545827,25.36,31.9
0.528181621220711,-0.6726022302119348,0.0,-0.6558803458962558,1.0,-1.3416407864998738,-1.0093229326479933,-0.5242105950545827,23.75,27.38
0.528181621220711,-0.6726022302119348,0.0,-0.6558803458962558,1.0,-0.4472135954999579,-1.0093229326479933,-0.5242105950545827,24.23,25.02
0.528181621220711,-0.6726022302119348,0.0,-0.6558803458962558,1.0,0.4472135954999579,-1.0093229326479933,-0.5242105950545827,23.67,24.8
0.528181621220711,-0.6726022302119348,0.0,-0.6558803458962558,1.0,1.3416407864998738,-1.0093229326479933,-0.5242105950545827,22.79,28.79
0.24438254116182206,-0.3942840659863067,0.5619514869490164,-0.6558803458962558,1.0,-1.3416407864998738,-1.0093229326479933,-0.5242105950545827,35.65,41.07
0.24438254116182206,-0.3942840659863067,0.5619514869490164,-0.6558803458962558,1.0,-0.4472135954999579,-1.0093229326479933,-0.5242105950545827,37.26,34.62
0.24438254116182206,-0.3942840659863067,0.5619514869490164,-0.6558803458962558,1.0,0.4472135954999579,-1.0093229326479933,-0.5242105950545827,36.97,33.87
0.24438254116182206,-0.3942840659863067,0.5619514869490164,-0.6558803458962558,1.0,1.3416407864998738,-1.0093229326479933,-0.5242105950545827,36.03,42.86
-0.03941653889706787,-0.11596590176067875,2.2478059477960657,-1.1986778735345365,1.0,-1.3416407864998738,-1.0093229326479933,-0.5242105950545827,33.16,33.91
-0.03941653889706787,-0.11596590176067875,2.2478059477960657,-1.1986778735345365,1.0,-0.4472135954999579,-1.0093229326479933,-0.5242105950545827,32.4,34.07
-0.03941653889706787,-0.11596590176067875,2.2478059477960657,-1.1986778735345365,1.0,0.4472135954999579,-1.0093229326479933,-0.5242105950545827,33.12,34.17
-0.03941653889706787,-0.11596590176067875,2.2478059477960657,-1.1986778735345365,1.0,1.3416407864998738,-1.0093229326479933,-0.5242105950545827,32.41,33.78
-0.22861592560299449,0.16235226246494922,-1.6858544608470492,0.9725122370185867,-1.0,-1.3416407864998738,-1.0093229326479933,-0.5242105950545827,10.42,13.39
-0.22861592560299449,0.16235226246494922,-1.6858544608470492,0.9725122370185867,-1.0,-0.4472135954999579,-1.0093229326479933,-0.5242105950545827,10.46,13.72
-0.22861592560299449,0.16235226246494922,-1.6858544608470492,0.9725122370185867,-1.0,0.4472135954999579,-1.0093229326479933,-0.5242105950545827,10.32,13.57
-0.22861592560299449,0.16235226246494922,-1.6858544608470492,0.9725122370185867,-1.0,1.3416407864998738,-1.0093229326479933,-0.5242105950545827,10.45,13.79
-0.5124150056618845,0.4406704266905772,-1.1239029738980328,0.9725122370185867,-1.0,-1.3416407864998738,-1.0093229326479933,-0.5242105950545827,10.64,13.67
-0.5124150056618845,0.4406704266905772,-1.1239029738980328,0.9725122370185867,-1.0,-0.4472135954999579,-1.0093229326479933,-0.5242105950545827,10.72,14.11
-0.5124150056618845,0.4406704266905772,-1.1239029738980328,0.9725122370185867,-1.0,0.4472135954999579,-1.0093229326479933,-0.5242105950545827,10.55,13.8
-0.5124150056618845,0.4406704266905772,-1.1239029738980328,0.9725122370185867,-1.0,1.3416407864998738,-1.0093229326479933,-0.5242105950545827,10.68,14.21
-0.7016143923678111,0.7189885909162052,-0.5619514869490164,0.9725122370185867,-1.0,-1.3416407864998738,-1.0093229326479933,-0.5242105950545827,11.45,13.2
-0.7016143923678111,0.7189885909162052,-0.5619514869490164,0.9725122370185867,-1.0,-0.4472135954999579,-1.0093229326479933,-0.5242105950545827,11.46,13.54
-0.7016143923678111,0.7189885909162052,-0.5619514869490164,0.9725122370185867,-1.0,0.4472135954999579,-1.0093229326479933,-0.5242105950545827,11.32,13.32
-0.7016143923678111,0.7189885909162052,-0.5619514869490164,0.9725122370185867,-1.0,1.3416407864998738,-1.0093229326479933,-0.5242105950545827,11.49,13.51
-0.9854134724267,0.9973067551418332,0.0,0.9725122370185867,-1.0,-1.3416407864998738,-1.0093229326479933,-0.5242105950545827,11.45,14.86
-0.9854134724267,0.9973067551418332,0.0,0.9725122370185867,-1.0,-0.4472135954999579,-1.0093229326479933,-0.5242105950545827,11.42,14.75
-0.9854134724267,0.9973067551418332,0.0,0.9725122370185867,-1.0,0.4472135954999579,-1.0093229326479933,-0.5242105950545827,11.33,15.0
-0.9854134724267,0.9973067551418332,0.0,0.9725122370185867,-1.0,1.3416407864998738,-1.0093229326479933,-0.5242105950545827,11.43,14.74
-1.1746128591326266,1.2756249193674611,0.5619514869490164,0.9725122370185867,-1.0,-1.3416407864998738,-1.0093229326479933,-0.5242105950545827,15.41,19.23
-1.1746128591326266,1.2756249193674611,0.5619514869490164,0.9725122370185867,-1.0,-0.4472135954999579,-1.0093229326479933,-0.5242105950545827,15.18,19.34
-1.1746128591326266,1.2756249193674611,0.5619514869490164,0.9725122370185867,-1.0,0.4472135954999579,-1.0093229326479933,-0.5242105950545827,15.34,19.32
-1.1746128591326266,1.2756249193674611,0.5619514869490164,0.9725122370185867,-1.0,1.3416407864998738,-1.0093229326479933,-0.5242105950545827,15.19,19.3
-1.363812245838553,1.5539430835930892,1.1239029738980328,0.9725122370185867,-1.0,-1.3416407864998738,-1.0093229326479933,-0.5242105950545827,12.88,14.37
-1.363812245838553,1.5539430835930892,1.1239029738980328,0.9725122370185867,-1.0,-0.4472135954999579,-1.0093229326479933,-0.5242105950545827,13.0,14.57
-1.363812245838553,1.5539430835930892,1.1239029738980328,0.9725122370185867,-1.0,0.4472135954999579,-1.0093229326479933,-0.5242105950545827,12.97,14.27
-1.363812245838553,1.5539430835930892,1.1239029738980328,0.9725122370185867,-1.0,1.3416407864998738,-1.0093229326479933,-0.5242105950545827,13.04,14.24
2.041776714868123,-1.7858748871144468,-0.5619514869490164,-1.4700766373536769,1.0,-1.3416407864998738,-1.0093229326479933,0.12097167578182677,24.28,25.68
2.041776714868123,-1.7858748871144468,-0.5619514869490164,-1.4700766373536769,1.0,-0.4472135954999579,-1.0093229326479933,0.12097167578182677,24.4,26.02
2.041776714868123,-1.7858748871144468,-0.5619514869490164,-1.4700766373536769,1.0,0.4472135954999579,-1.0093229326479933,0.12097167578182677,24.11,25.84
2.041776714868123,-1.7858748871144468,-0.5619514869490164,-1.4700766373536769,1.0,1.3416407864998738,-1.0093229326479933,0.12097167578182677,24.35,26.14
1.2849791680444174,-1.2292385586631907,0.0,-1.1986778735345365,1.0,-1.3416407864998738,-1.0093229326479933,0.12097167578182677,28.07,34.14
1.2849791680444174,-1.2292385586631907,0.0,-1.1986778735345365,1.0,-0.4472135954999579,-1.0093229326479933,0.12097167578182677,29.01,32.85
1.2849791680444174,-1.2292385586631907,0.0,-1.1986778735345365,1.0,0.4472135954999579,-1.0093229326479933,0.12097167578182677,29.62,30.08
1.2849791680444174,-1.2292385586631907,0.0,-1.1986778735345365,1.0,1.3416407864998738,-1.0093229326479933,0.12097167578182677,29.05,29.67
0.9065803946325642,-0.9509203944375627,-0.5619514869490164,-0.6558803458962558,1.0,-1.3416407864998738,-1.0093229326479933,0.12097167578182677,25.41,31.73
0.9065803946325642,-0.9509203944375627,-0.5619514869490164,-0.6558803458962558,1.0,-0.4472135954999579,-1.0093229326479933,0.12097167578182677,26.47,31.01
0.9065803946325642,-0.9509203944375627,-0.5619514869490164,-0.6558803458962558,1.0,0.4472135954999579,-1.0093229326479933,0.12097167578182677,26.89,25.9
0.9065803946325642,-0.9509203944375627,-0.5619514869490164,-0.6558803458962558,1.0,1.3416407864998738,-1.0093229326479933,0.12097167578182677,26.46,27.4
0.528181621220711,-0.6726022302119348,0.0,-0.6558803458962558,1.0,-1.3416407864998738,-1.0093229326479933,0.12097167578182677,22.93,28.68
0.528181621220711,-0.6726022302119348,0.0,-0.6558803458962558,1.0,-0.4472135954999579,-1.0093229326479933,0.12097167578182677,23.84,27.54
0.528181621220711,-0.6726022302119348,0.0,-0.6558803458962558,1.0,0.4472135954999579,-1.0093229326479933,0.12097167578182677,24.17,25.35
0.528181621220711,-0.6726022302119348,0.0,-0.6558803458962558,1.0,1.3416407864998738,-1.0093229326479933,0.12097167578182677,23.87,24.93
0.24438254116182206,-0.3942840659863067,0.5619514869490164,-0.6558803458962558,1.0,-1.3416407864998738,-1.0093229326479933,0.12097167578182677,35.78,43.12
0.24438254116182206,-0.3942840659863067,0.5619514869490164,-0.6558803458962558,1.0,-0.4472135954999579,-1.0093229326479933,0.12097167578182677,35.48,41.22
0.24438254116182206,-0.3942840659863067,0.5619514869490164,-0.6558803458962558,1.0,0.4472135954999579,-1.0093229326479933,0.12097167578182677,36.97,35.1
0.24438254116182206,-0.3942840659863067,0.5619514869490164,-0.6558803458962558,1.0,1.3416407864998738,-1.0093229326479933,0.12097167578182677,36.7,34.29
-0.03941653889706787,-0.11596590176067875,2.2478059477960657,-1.1986778735345365,1.0,-1.3416407864998738,-1.0093229326479933,0.12097167578182677,32.52,33.85
-0.03941653889706787,-0.11596590176067875,2.2478059477960657,-1.1986778735345365,1.0,-0.4472135954999579,-1.0093229326479933,0.12097167578182677,33.28,34.11
-0.03941653889706787,-0.11596590176067875,2.2478059477960657,-1.1986778735345365,1.0,0.4472135954999579,-1.0093229326479933,0.12097167578182677,32.33,34.48
-0.03941653889706787,-0.11596590176067875,2.2478059477960657,-1.1986778735345365,1.0,1.3416407864998738,-1.0093229326479933,0.12097167578182677,33.24,34.5
-0.22861592560299449,0.16235226246494922,-1.6858544608470492,0.9725122370185867,-1.0,-1.3416407864998738,-1.0093229326479933,0.12097167578182677,10.39,13.6
-0.22861592560299449,0.16235226246494922,-1.6858544608470492,0.9725122370185867,-1.0,-0.4472135954999579,-1.0093229326479933,0.12097167578182677,10.34,13.36
-0.22861592560299449,0.16235226246494922,-1.6858544608470492,0.9725122370185867,-1.0,0.4472135954999579,-1.0093229326479933,0.12097167578182677,10.35,13.65
-0.22861592560299449,0.16235226246494922,-1.6858544608470492,0.9725122370185867,-1.0,1.3416407864998738,-1.0093229326479933,0.12097167578182677,10.38,13.49
-0.5124150056618845,0.4406704266905772,-1.1239029738980328,0.9725122370185867,-1.0,-1.3416407864998738,-1.0093229326479933,0.12097167578182677,10.77,14.14
-0.5124150056618845,0.4406704266905772,-1.1239029738980328,0.9725122370185867,-1.0,-0.4472135954999579,-1.0093229326479933,0.12097167578182677,10.68,13.77
-0.5124150056618845,0.4406704266905772,-1.1239029738980328,0.9725122370185867,-1.0,0.4472135954999579,-1.0093229326479933,0.12097167578182677,10.68,14.3
-0.5124150056618845,0.4406704266905772,-1.1239029738980328,0.9725122370185867,-1.0,1.3416407864998738,-1.0093229326479933,0.12097167578182677,10.7,13.87
-0.7016143923678111,0.7189885909162052,-0.5619514869490164,0.9725122370185867,-1.0,-1.3416407864998738,-1.0093229326479933,0.12097167578182677,11.22,14.44
-0.7016143923678111,0.7189885909162052,-0.5619514869490164,0.9725122370185867,-1.0,-0.4472135954999579,-1.0093229326479933,0.12097167578182677,11.16,14.27
-0.7016143923678111,0.7189885909162052,-0.5619514869490164,0.9725122370185867,-1.0,0.4472135954999579,-1.0093229326479933,0.12097167578182677,11.1,14.67
-0.7016143923678111,0.7189885909162052,-0.5619514869490164,0.9725122370185867,-1.0,1.3416407864998738,-1.0093229326479933,0.12097167578182677,11.14,14.4
-0.9854134724267,0.9973067551418332,0.0,0.9725122370185867,-1.0,-1.3416407864998738,-1.0093229326479933,0.12097167578182677,11.59,13.46
-0.9854134724267,0.9973067551418332,0.0,0.9725122370185867,-1.0,-0.4472135954999579,-1.0093229326479933,0.12097167578182677,11.6,13.7
-0.9854134724267,0.9973067551418332,0.0,0.9725122370185867,-1.0,0.4472135954999579,-1.0093229326479933,0.12097167578182677,11.53,13.59
-0.9854134724267,0.9973067551418332,0.0,0.9725122370185867,-1.0,1.3416407864998738,-1.0093229326479933,0.12097167578182677,11.61,13.83
-1.1746128591326266,1.2756249193674611,0.5619514869490164,0.9725122370185867,-1.0,-1.3416407864998738,-1.0093229326479933,0.12097167578182677,15.16,19.14
-1.1746128591326266,1.2756249193674611,0.5619514869490164,0.9725122370185867,-1.0,-0.4472135954999579,-1.0093229326479933,0.12097167578182677,15.36,19.18
-1.1746128591326266,1.2756249193674611,0.5619514869490164,0.9725122370185867,-1.0,0.4472135954999579,-1.0093229326479933,0.12097167578182677,15.12,19.37
-1.1746128591326266,1.2756249193674611,0.5619514869490164,0.9725122370185867,-1.0,1.3416407864998738,-1.0093229326479933,0.12097167578182677,15.36,19.29
-1.363812245838553,1.5539430835930892,1.1239029738980328,0.9725122370185867,-1.0,-1.3416407864998738,-1.0093229326479933,0.12097167578182677,12.68,14.09
-1.363812245838553,1.5539430835930892,1.1239029738980328,0.9725122370185867,-1.0,-0.4472135954999579,-1.0093229326479933,0.12097167578182677,12.63,14.23
-1.363812245838553,1.5539430835930892,1.1239029738980328,0.9725122370185867,-1.0,0.4472135954999579,-1.0093229326479933,0.12097167578182677,12.71,14.14
-1.363812245838553,1.5539430835930892,1.1239029738980328,0.9725122370185867,-1.0,1.3416407864998738,-1.0093229326479933,0.12097167578182677,12.73,13.89
2.041776714868123,-1.7858748871144468,-0.5619514869490164,-1.4700766373536769,1.0,-1.3416407864998738,-1.0093229326479933,0.7661539466182362,24.38,25.91
2.041776714868123,-1.7858748871144468,-0.5619514869490164,-1.4700766373536769,1.0,-0.4472135954999579,-1.0093229326479933,0.7661539466182362,24.23,25.72
2.041776714868123,-1.7858748871144468,-0.5619514869490164,-1.4700766373536769,1.0,0.4472135954999579,-1.0093229326479933,0.7661539466182362,24.04,26.18
2.041776714868123,-1.7858748871144468,-0.5619514869490164,-1.4700766373536769,1.0,1.3416407864998738,-1.0093229326479933,0.7661539466182362,24.32,25.87
1.2849791680444174,-1.2292385586631907,0.0,-1.1986778735345365,1.0,-1.3416407864998738,-1.0093229326479933,0.7661539466182362,29.06,29.34
1.2849791680444174,-1.2292385586631907,0.0,-1.1986778735345365,1.0,-0.4472135954999579,-1.0093229326479933,0.7661539466182362,28.05,33.91
1.2849791680444174,-1.2292385586631907,0.0,-1.1986778735345365,1.0,0.4472135954999579,-1.0093229326479933,0.7661539466182362,28.86,32.83
1.2849791680444174,-1.2292385586631907,0.0,-1.1986778735345365,1.0,1.3416407864998738,-1.0093229326479933,0.7661539466182362,29.79,29.92
0.9065803946325642,-0.9509203944375627,-0.5619514869490164,-0.6558803458962558,1.0,-1.3416407864998738,-1.0093229326479933,0.7661539466182362,26.44,27.17
0.9065803946325642,-0.9509203944375627,-0.5619514869490164,-0.6558803458962558,1.0,-0.4472135954999579,-1.0093229326479933,0.7661539466182362,25.37,31.76
0.9065803946325642,-0.9509203944375627,-0.5619514869490164,-0.6558803458962558,1.0,0.4472135954999579,-1.0093229326479933,0.7661539466182362,26.33,31.06
0.9065803946325642,-0.9509203944375627,-0.5619514869490164,-0.6558803458962558,1.0,1.3416407864998738,-1.0093229326479933,0.7661539466182362,27.03,25.81
0.528181621220711,-0.6726022302119348,0.0,-0.6558803458962558,1.0,-1.3416407864998738,-1.0093229326479933,0.7661539466182362,23.8,24.61
0.528181621220711,-0.6726022302119348,0.0,-0.6558803458962558,1.0,-0.4472135954999579,-1.0093229326479933,0.7661539466182362,22.8,28.61
0.528181621220711,-0.6726022302119348,0.0,-0.6558803458962558,1.0,0.4472135954999579,-1.0093229326479933,0.7661539466182362,23.59,27.57
0.528181621220711,-0.6726022302119348,0.0,-0.6558803458962558,1.0,1.3416407864998738,-1.0093229326479933,0.7661539466182362,24.24,25.16
0.24438254116182206,-0.3942840659863067,0.5619514869490164,-0.6558803458962558,1.0,-1.3416407864998738,-1.0093229326479933,0.7661539466182362,36.86,34.25
0.24438254116182206,-0.3942840659863067,0.5619514869490164,-0.6558803458962558,1.0,-0.4472135954999579,-1.0093229326479933,0.7661539466182362,35.89,43.3
0.24438254116182206,-0.3942840659863067,0.5619514869490164,-0.6558803458962558,1.0,0.4472135954999579,-1.0093229326479933,0.7661539466182362,35.45,41.86
0.24438254116182206,-0.3942840659863067,0.5619514869490164,-0.6558803458962558,1.0,1.3416407864998738,-1.0093229326479933,0.7661539466182362,37.1,35.29
-0.03941653889706787,-0.11596590176067875,2.2478059477960657,-1.1986778735345365,1.0,-1.3416407864998738,-1.0093229326479933,0.7661539466182362,33.08,34.11
-0.03941653889706787,-0.11596590176067875,2.2478059477960657,-1.1986778735345365,1.0,-0.4472135954999579,-1.0093229326479933,0.7661539466182362,32.38,33.62
-0.03941653889706787,-0.11596590176067875,2.2478059477960657,-1.1986778735345365,1.0,0.4472135954999579,-1.0093229326479933,0.7661539466182362,33.09,33.89
-0.03941653889706787,-0.11596590176067875,2.2478059477960657,-1.1986778735345365,1.0,1.3416407864998738,-1.0093229326479933,0.7661539466182362,32.31,34.05
-0.22861592560299449,0.16235226246494922,-1.6858544608470492,0.9725122370185867,-1.0,-1.3416407864998738,-1.0093229326479933,0.7661539466182362,10.08,13.2
-0.22861592560299449,0.16235226246494922,-1.6858544608470492,0.9725122370185867,-1.0,-0.4472135954999579,-1.0093229326479933,0.7661539466182362,10.15,13.36
-0.22861592560299449,0.16235226246494922,-1.6858544608470492,0.9725122370185867,-1.0,0.4472135954999579,-1.0093229326479933,0.7661539466182362,10.07,13.21
-0.22861592560299449,0.16235226246494922,-1.6858544608470492,0.9725122370185867,-1.0,1.3416407864998738,-1.0093229326479933,0.7661539466182362,10.14,13.53
-0.5124150056618845,0.4406704266905772,-1.1239029738980328,0.9725122370185867,-1.0,-1.3416407864998738,-1.0093229326479933,0.7661539466182362,10.66,13.67
-0.5124150056618845,0.4406704266905772,-1.1239029738980328,0.9725122370185867,-1.0,-0.4472135954999579,-1.0093229326479933,0.7661539466182362,10.68,14.12
-0.5124150056618845,0.4406704266905772,-1.1239029738980328,0.9725122370185867,-1.0,0.4472135954999579,-1.0093229326479933,0.7661539466182362,10.53,13.79
-0.5124150056618845,0.4406704266905772,-1.1239029738980328,0.9725122370185867,-1.0,1.3416407864998738,-1.0093229326479933,0.7661539466182362,10.72,14.2
-0.7016143923678111,0.7189885909162052,-0.5619514869490164,0.9725122370185867,-1.0,-1.3416407864998738,-1.0093229326479933,0.7661539466182362,11.18,14.29
-0.7016143923678111,0.7189885909162052,-0.5619514869490164,0.9725122370185867,-1.0,-0.4472135954999579,-1.0093229326479933,0.7661539466182362,11.22,14.49
-0.7016143923678111,0.7189885909162052,-0.5619514869490164,0.9725122370185867,-1.0,0.4472135954999579,-1.0093229326479933,0.7661539466182362,11.07,14.42
-0.7016143923678111,0.7189885909162052,-0.5619514869490164,0.9725122370185867,-1.0,1.3416407864998738,-1.0093229326479933,0.7661539466182362,11.2,14.73
-0.9854134724267,0.9973067551418332,0.0,0.9725122370185867,-1.0,-1.3416407864998738,-1.0093229326479933,0.7661539466182362,11.44,14.86
-0.9854134724267,0.9973067551418332,0.0,0.9725122370185867,-1.0,-0.4472135954999579,-1.0093229326479933,0.7661539466182362,11.42,14.67
-0.9854134724267,0.9973067551418332,0.0,0.9725122370185867,-1.0,0.4472135954999579,-1.0093229326479933,0.7661539466182362,11.33,15.0
-0.9854134724267,0.9973067551418332,0.0,0.9725122370185867,-1.0,1.3416407864998738,-1.0093229326479933,0.7661539466182362,11.43,14.83
-1.1746128591326266,1.2756249193674611,0.5619514869490164,0.9725122370185867,-1.0,-1.3416407864998738,-1.0093229326479933,0.7661539466182362,15.4,19.24
-1.1746128591326266,1.2756249193674611,0.5619514869490164,0.9725122370185867,-1.0,-0.4472135954999579,-1.0093229326479933,0.7661539466182362,15.19,19.25
-1.1746128591326266,1.2756249193674611,0.5619514869490164,0.9725122370185867,-1.0,0.4472135954999579,-1.0093229326479933,0.7661539466182362,15.32,19.42
-1.1746128591326266,1.2756249193674611,0.5619514869490164,0.9725122370185867,-1.0,1.3416407864998738,-1.0093229326479933,0.7661539466182362,15.16,19.48
-1.363812245838553,1.5539430835930892,1.1239029738980328,0.9725122370185867,-1.0,-1.3416407864998738,-1.0093229326479933,0.7661539466182362,12.85,14.37
-1.363812245838553,1.5539430835930892,1.1239029738980328,0.9725122370185867,-1.0,-0.4472135954999579,-1.0093229326479933,0.7661539466182362,13.04,14.34
-1.363812245838553,1.5539430835930892,1.1239029738980328,0.9725122370185867,-1.0,0.4472135954999579,-1.0093229326479933,0.7661539466182362,13.0,14.28
-1.363812245838553,1.5539430835930892,1.1239029738980328,0.9725122370185867,-1.0,1.3416407864998738,-1.0093229326479933,0.7661539466182362,13.0,14.47
2.041776714868123,-1.7858748871144468,-0.5619514869490164,-1.4700766373536769,1.0,-1.3416407864998738,-1.0093229326479933,1.4113362174546455,24.35,25.64
2.041776714868123,-1.7858748871144468,-0.5619514869490164,-1.4700766373536769,1.0,-0.4472135954999579,-1.0093229326479933,1.4113362174546455,24.33,25.98
2.041776714868123,-1.7858748871144468,-0.5619514869490164,-1.4700766373536769,1.0,0.4472135954999579,-1.0093229326479933,1.4113362174546455,24.03,25.88
2.041776714868123,-1.7858748871144468,-0.5619514869490164,-1.4700766373536769,1.0,1.3416407864998738,-1.0093229326479933,1.4113362174546455,24.26,26.18
1.2849791680444174,-1.2292385586631907,0.0,-1.1986778735345365,1.0,-1.3416407864998738,-1.0093229326479933,1.4113362174546455,29.83,29.82
1.2849791680444174,-1.2292385586631907,0.0,-1.1986778735345365,1.0,-0.4472135954999579,-1.0093229326479933,1.4113362174546455,29.08,29.52
1.2849791680444174,-1.2292385586631907,0.0,-1.1986778735345365,1.0,0.4472135954999579,-1.0093229326479933,1.4113362174546455,28.03,34.45
1.2849791680444174,-1.2292385586631907,0.0,-1.1986778735345365,1.0,1.3416407864998738,-1.0093229326479933,1.4113362174546455,29.02,33.01
0.9065803946325642,-0.9509203944375627,-0.5619514869490164,-0.6558803458962558,1.0,-1.3416407864998738,-1.0093229326479933,1.4113362174546455,27.03,25.82
0.9065803946325642,-0.9509203944375627,-0.5619514869490164,-0.6558803458962558,1.0,-0.4472135954999579,-1.0093229326479933,1.4113362174546455,26.45,27.33
0.9065803946325642,-0.9509203944375627,-0.5619514869490164,-0.6558803458962558,1.0,0.4472135954999579,-1.0093229326479933,1.4113362174546455,25.36,32.04
0.9065803946325642,-0.9509203944375627,-0.5619514869490164,-0.6558803458962558,1.0,1.3416407864998738,-1.0093229326479933,1.4113362174546455,26.45,31.28
0.528181621220711,-0.6726022302119348,0.0,-0.6558803458962558,1.0,-1.3416407864998738,-1.0093229326479933,1.4113362174546455,24.37,25.11
0.528181621220711,-0.6726022302119348,0.0,-0.6558803458962558,1.0,-0.4472135954999579,-1.0093229326479933,1.4113362174546455,23.89,24.77
0.528181621220711,-0.6726022302119348,0.0,-0.6558803458962558,1.0,0.4472135954999579,-1.0093229326479933,1.4113362174546455,22.89,28.88
0.528181621220711,-0.6726022302119348,0.0,-0.6558803458962558,1.0,1.3416407864998738,-1.0093229326479933,1.4113362174546455,23.86,27.69
0.24438254116182206,-0.3942840659863067,0.5619514869490164,-0.6558803458962558,1.0,-1.3416407864998738,-1.0093229326479933,1.4113362174546455,37.03,34.99
0.24438254116182206,-0.3942840659863067,0.5619514869490164,-0.6558803458962558,1.0,-0.4472135954999579,-1.0093229326479933,1.4113362174546455,36.71,34.18
0.24438254116182206,-0.3942840659863067,0.5619514869490164,-0.6558803458962558,1.0,0.4472135954999579,-1.0093229326479933,1.4113362174546455,36.77,43.14
0.24438254116182206,-0.3942840659863067,0.5619514869490164,-0.6558803458962558,1.0,1.3416407864998738,-1.0093229326479933,1.4113362174546455,35.48,41.26
-0.03941653889706787,-0.11596590176067875,2.2478059477960657,-1.1986778735345365,1.0,-1.3416407864998738,-1.0093229326479933,1.4113362174546455,32.31,34.25
-0.03941653889706787,-0.11596590176067875,2.2478059477960657,-1.1986778735345365,1.0,-0.4472135954999579,-1.0093229326479933,1.4113362174546455,33.21,34.35
-0.03941653889706787,-0.11596590176067875,2.2478059477960657,-1.1986778735345365,1.0,0.4472135954999579,-1.0093229326479933,1.4113362174546455,32.46,33.64
-0.03941653889706787,-0.11596590176067875,2.2478059477960657,-1.1986778735345365,1.0,1.3416407864998738,-1.0093229326479933,1.4113362174546455,33.27,33.88
-0.22861592560299449,0.16235226246494922,-1.6858544608470492,0.9725122370185867,-1.0,-1.3416407864998738,-1.0093229326479933,1.4113362174546455,10.47,13.65
-0.22861592560299449,0.16235226246494922,-1.6858544608470492,0.9725122370185867,-1.0,-0.4472135954999579,-1.0093229326479933,1.4113362174546455,10.37,13.44
-0.22861592560299449,0.16235226246494922,-1.6858544608470492,0.9725122370185867,-1.0,0.4472135954999579,-1.0093229326479933,1.4113362174546455,10.34,13.72
-0.22861592560299449,0.16235226246494922,-1.6858544608470492,0.9725122370185867,-1.0,1.3416407864998738,-1.0093229326479933,1.4113362174546455,10.39,13.5
-0.5124150056618845,0.4406704266905772,-1.1239029738980328,0.9725122370185867,-1.0,-1.3416407864998738,-1.0093229326479933,1.4113362174546455,10.78,14.18
-0.5124150056618845,0.4406704266905772,-1.1239029738980328,0.9725122370185867,-1.0,-0.4472135954999579,-1.0093229326479933,1.4113362174546455,10.7,13.75
-0.5124150056618845,0.4406704266905772,-1.1239029738980328,0.9725122370185867,-1.0,0.4472135954999579,-1.0093229326479933,1.4113362174546455,10.67,14.26
-0.5124150056618845,0.4406704266905772,-1.1239029738980328,0.9725122370185867,-1.0,1.3416407864998738,-1.0093229326479933,1.4113362174546455,13.69,13.89
-0.7016143923678111,0.7189885909162052,-0.5619514869490164,0.9725122370185867,-1.0,-1.3416407864998738,-1.0093229326479933,1.4113362174546455,11.21,14.55
-0.7016143923678111,0.7189885909162052,-0.5619514869490164,0.9725122370185867,-1.0,-0.4472135954999579,-1.0093229326479933,1.4113362174546455,11.14,14.28
-0.7016143923678111,0.7189885909162052,-0.5619514869490164,0.9725122370185867,-1.0,0.4472135954999579,-1.0093229326479933,1.4113362174546455,11.11,14.46
-0.7016143923678111,0.7189885909162052,-0.5619514869490164,0.9725122370185867,-1.0,1.3416407864998738,-1.0093229326479933,1.4113362174546455,11.16,14.39
-0.9854134724267,0.9973067551418332,0.0,0.9725122370185867,-1.0,-1.3416407864998738,-1.0093229326479933,1.4113362174546455,11.38,14.54
-0.9854134724267,0.9973067551418332,0.0,0.9725122370185867,-1.0,-0.4472135954999579,-1.0093229326479933,1.4113362174546455,11.34,14.81
-0.9854134724267,0.9973067551418332,0.0,0.9725122370185867,-1.0,0.4472135954999579,-1.0093229326479933,1.4113362174546455,11.22,14.65
-0.9854134724267,0.9973067551418332,0.0,0.9725122370185867,-1.0,1.3416407864998738,-1.0093229326479933,1.4113362174546455,11.34,14.87
-1.1746128591326266,1.2756249193674611,0.5619514869490164,0.9725122370185867,-1.0,-1.3416407864998738,-1.0093229326479933,1.4113362174546455,15.16,19.24
-1.1746128591326266,1.2756249193674611,0.5619514869490164,0.9725122370185867,-1.0,-0.4472135954999579,-1.0093229326479933,1.4113362174546455,15.37,19.18
-1.1746128591326266,1.2756249193674611,0.5619514869490164,0.9725122370185867,-1.0,0.4472135954999579,-1.0093229326479933,1.4113362174546455,15.12,19.26
-1.1746128591326266,1.2756249193674611,0.5619514869490164,0.9725122370185867,-1.0,1.3416407864998738,-1.0093229326479933,1.4113362174546455,15.36,19.29
-1.363812245838553,1.5539430835930892,1.1239029738980328,0.9725122370185867,-1.0,-1.3416407864998738,-1.0093229326479933,1.4113362174546455,12.59,14.24
-1.363812245838553,1.5539430835930892,1.1239029738980328,0.9725122370185867,-1.0,-0.4472135954999579,-1.0093229326479933,1.4113362174546455,12.74,13.97
-1.363812245838553,1.5539430835930892,1.1239029738980328,0.9725122370185867,-1.0,0.4472135954999579,-1.0093229326479933,1.4113362174546455,12.8,13.99
-1.363812245838553,1.5539430835930892,1.1239029738980328,0.9725122370185867,-1.0,1.3416407864998738,-1.0093229326479933,1.4113362174546455,12.62,14.15
2.041776714868123,-1.7858748871144468,-0.5619514869490164,-1.4700766373536769,1.0,-1.3416407864998738,0.11736313170325505,-1.169392865890992,28.15,29.79
2.041776714868123,-1.7858748871144468,-0.5619514869490164,-1.4700766373536769,1.0,-0.4472135954999579,0.11736313170325505,-1.169392865890992,28.15,29.79
2.041776714868123,-1.7858748871144468,-0.5619514869490164,-1.4700766373536769,1.0,0.4472135954999579,0.11736313170325505,-1.169392865890992,28.37,29.28
2.041776714868123,-1.7858748871144468,-0.5619514869490164,-1.4700766373536769,1.0,1.3416407864998738,0.11736313170325505,-1.169392865890992,28.41,29.49
1.2849791680444174,-1.2292385586631907,0.0,-1.1986778735345365,1.0,-1.3416407864998738,0.11736313170325505,-1.169392865890992,32.68,36.12
1.2849791680444174,-1.2292385586631907,0.0,-1.1986778735345365,1.0,-0.4472135954999579,0.11736313170325505,-1.169392865890992,33.48,33.17
1.2849791680444174,-1.2292385586631907,0.0,-1.1986778735345365,1.0,0.4472135954999579,0.11736313170325505,-1.169392865890992,32.84,32.71
1.2849791680444174,-1.2292385586631907,0.0,-1.1986778735345365,1.0,1.3416407864998738,0.11736313170325505,-1.169392865890992,32.0,37.58
0.9065803946325642,-0.9509203944375627,-0.5619514869490164,-0.6558803458962558,1.0,-1.3416407864998738,0.11736313170325505,-1.169392865890992,29.54,33.98
0.9065803946325642,-0.9509203944375627,-0.5619514869490164,-0.6558803458962558,1.0,-0.4472135954999579,0.11736313170325505,-1.169392865890992,30.05,28.61
0.9065803946325642,-0.9509203944375627,-0.5619514869490164,-0.6558803458962558,1.0,0.4472135954999579,0.11736313170325505,-1.169392865890992,29.6,30.12
0.9065803946325642,-0.9509203944375627,-0.5619514869490164,-0.6558803458962558,1.0,1.3416407864998738,0.11736313170325505,-1.169392865890992,28.66,34.73
0.528181621220711,-0.6726022302119348,0.0,-0.6558803458962558,1.0,-1.3416407864998738,0.11736313170325505,-1.169392865890992,26.84,30.17
0.528181621220711,-0.6726022302119348,0.0,-0.6558803458962558,1.0,-0.4472135954999579,0.11736313170325505,-1.169392865890992,27.27,27.84
0.528181621220711,-0.6726022302119348,0.0,-0.6558803458962558,1.0,0.4472135954999579,0.11736313170325505,-1.169392865890992,26.97,27.25
0.528181621220711,-0.6726022302119348,0.0,-0.6558803458962558,1.0,1.3416407864998738,0.11736313170325505,-1.169392865890992,26.19,31.39
0.24438254116182206,-0.3942840659863067,0.5619514869490164,-0.6558803458962558,1.0,-1.3416407864998738,0.11736313170325505,-1.169392865890992,38.67,43.8
0.24438254116182206,-0.3942840659863067,0.5619514869490164,-0.6558803458962558,1.0,-0.4472135954999579,0.11736313170325505,-1.169392865890992,40.03,37.81
0.24438254116182206,-0.3942840659863067,0.5619514869490164,-0.6558803458962558,1.0,0.4472135954999579,0.11736313170325505,-1.169392865890992,39.86,36.85
0.24438254116182206,-0.3942840659863067,0.5619514869490164,-0.6558803458962558,1.0,1.3416407864998738,0.11736313170325505,-1.169392865890992,39.04,45.52
-0.03941653889706787,-0.11596590176067875,2.2478059477960657,-1.1986778735345365,1.0,-1.3416407864998738,0.11736313170325505,-1.169392865890992,36.96,36.85
-0.03941653889706787,-0.11596590176067875,2.2478059477960657,-1.1986778735345365,1.0,-0.4472135954999579,0.11736313170325505,-1.169392865890992,36.13,37.58
-0.03941653889706787,-0.11596590176067875,2.2478059477960657,-1.1986778735345365,1.0,0.4472135954999579,0.11736313170325505,-1.169392865890992,36.91,37.45
-0.03941653889706787,-0.11596590176067875,2.2478059477960657,-1.1986778735345365,1.0,1.3416407864998738,0.11736313170325505,-1.169392865890992,36.43,36.62
-0.22861592560299449,0.16235226246494922,-1.6858544608470492,0.9725122370185867,-1.0,-1.3416407864998738,0.11736313170325505,-1.169392865890992,12.43,15.19
-0.22861592560299449,0.16235226246494922,-1.6858544608470492,0.9725122370185867,-1.0,-0.4472135954999579,0.11736313170325505,-1.169392865890992,12.5,15.5
-0.22861592560299449,0.16235226246494922,-1.6858544608470492,0.9725122370185867,-1.0,0.4472135954999579,0.11736313170325505,-1.169392865890992,12.41,15.28
-0.22861592560299449,0.16235226246494922,-1.6858544608470492,0.9725122370185867,-1.0,1.3416407864998738,0.11736313170325505,-1.169392865890992,12.45,15.5
-0.5124150056618845,0.4406704266905772,-1.1239029738980328,0.9725122370185867,-1.0,-1.3416407864998738,0.11736313170325505,-1.169392865890992,12.57,15.42
-0.5124150056618845,0.4406704266905772,-1.1239029738980328,0.9725122370185867,-1.0,-0.4472135954999579,0.11736313170325505,-1.169392865890992,12.65,15.85
-0.5124150056618845,0.4406704266905772,-1.1239029738980328,0.9725122370185867,-1.0,0.4472135954999579,0.11736313170325505,-1.169392865890992,12.57,15.44
-0.5124150056618845,0.4406704266905772,-1.1239029738980328,0.9725122370185867,-1.0,1.3416407864998738,0.11736313170325505,-1.169392865890992,12.63,15.81
-0.7016143923678111,0.7189885909162052,-0.5619514869490164,0.9725122370185867,-1.0,-1.3416407864998738,0.11736313170325505,-1.169392865890992,12.78,15.21
-0.7016143923678111,0.7189885909162052,-0.5619514869490164,0.9725122370185867,-1.0,-0.4472135954999579,0.11736313170325505,-1.169392865890992,12.93,15.63
-0.7016143923678111,0.7189885909162052,-0.5619514869490164,0.9725122370185867,-1.0,0.4472135954999579,0.11736313170325505,-1.169392865890992,12.73,15.48
-0.7016143923678111,0.7189885909162052,-0.5619514869490164,0.9725122370185867,-1.0,1.3416407864998738,0.11736313170325505,-1.169392865890992,12.72,15.78
-0.9854134724267,0.9973067551418332,0.0,0.9725122370185867,-1.0,-1.3416407864998738,0.11736313170325505,-1.169392865890992,13.17,16.39
-0.9854134724267,0.9973067551418332,0.0,0.9725122370185867,-1.0,-0.4472135954999579,0.11736313170325505,-1.169392865890992,13.18,16.27
-0.9854134724267,0.9973067551418332,0.0,0.9725122370185867,-1.0,0.4472135954999579,0.11736313170325505,-1.169392865890992,13.17,16.39
-0.9854134724267,0.9973067551418332,0.0,0.9725122370185867,-1.0,1.3416407864998738,0.11736313170325505,-1.169392865890992,13.18,16.19
-1.1746128591326266,1.2756249193674611,0.5619514869490164,0.9725122370185867,-1.0,-1.3416407864998738,0.11736313170325505,-1.169392865890992,17.5,21.13
-1.1746128591326266,1.2756249193674611,0.5619514869490164,0.9725122370185867,-1.0,-0.4472135954999579,0.11736313170325505,-1.169392865890992,17.35,21.19
-1.1746128591326266,1.2756249193674611,0.5619514869490164,0.9725122370185867,-1.0,0.4472135954999579,0.11736313170325505,-1.169392865890992,17.52,21.09
-1.1746128591326266,1.2756249193674611,0.5619514869490164,0.9725122370185867,-1.0,1.3416407864998738,0.11736313170325505,-1.169392865890992,17.37,21.08
-1.363812245838553,1.5539430835930892,1.1239029738980328,0.9725122370185867,-1.0,-1.3416407864998738,0.11736313170325505,-1.169392865890992,15.09,15.77
-1.363812245838553,1.5539430835930892,1.1239029738980328,0.9725122370185867,-1.0,-0.4472135954999579,0.11736313170325505,-1.169392865890992,15.12,15.95
-1.363812245838553,1.5539430835930892,1.1239029738980328,0.9725122370185867,-1.0,0.4472135954999579,0.11736313170325505,-1.169392865890992,15.08,15.77
-1.363812245838553,1.5539430835930892,1.1239029738980328,0.9725122370185867,-1.0,1.3416407864998738,0.11736313170325505,-1.169392865890992,15.16,15.76
2.041776714868123,-1.7858748871144468,-0.5619514869490164,-1.4700766373536769,1.0,-1.3416407864998738,0.11736313170325505,-0.5242105950545827,28.67,29.62
2.041776714868123,-1.7858748871144468,-0.5619514869490164,-1.4700766373536769,1.0,-0.4472135954999579,0.11736313170325505,-0.5242105950545827,28.57,29.69
2.041776714868123,-1.7858748871144468,-0.5619514869490164,-1.4700766373536769,1.0,0.4472135954999579,0.11736313170325505,-0.5242105950545827,28.18,30.18
2.041776714868123,-1.7858748871144468,-0.5619514869490164,-1.4700766373536769,1.0,1.3416407864998738,0.11736313170325505,-0.5242105950545827,28.6,30.02
1.2849791680444174,-1.2292385586631907,0.0,-1.1986778735345365,1.0,-1.3416407864998738,0.11736313170325505,-0.5242105950545827,32.46,35.56
1.2849791680444174,-1.2292385586631907,0.0,-1.1986778735345365,1.0,-0.4472135954999579,0.11736313170325505,-0.5242105950545827,33.27,32.64
1.2849791680444174,-1.2292385586631907,0.0,-1.1986778735345365,1.0,0.4472135954999579,0.11736313170325505,-0.5242105950545827,32.33,32.77
1.2849791680444174,-1.2292385586631907,0.0,-1.1986778735345365,1.0,1.3416407864998738,0.11736313170325505,-0.5242105950545827,31.66,37.72
0.9065803946325642,-0.9509203944375627,-0.5619514869490164,-0.6558803458962558,1.0,-1.3416407864998738,0.11736313170325505,-0.5242105950545827,29.34,33.37
0.9065803946325642,-0.9509203944375627,-0.5619514869490164,-0.6558803458962558,1.0,-0.4472135954999579,0.11736313170325505,-0.5242105950545827,29.87,27.89
0.9065803946325642,-0.9509203944375627,-0.5619514869490164,-0.6558803458962558,1.0,0.4472135954999579,0.11736313170325505,-0.5242105950545827,29.27,29.9
0.9065803946325642,-0.9509203944375627,-0.5619514869490164,-0.6558803458962558,1.0,1.3416407864998738,0.11736313170325505,-0.5242105950545827,28.4,34.52
0.528181621220711,-0.6726022302119348,0.0,-0.6558803458962558,1.0,-1.3416407864998738,0.11736313170325505,-0.5242105950545827,25.74,28.27
0.528181621220711,-0.6726022302119348,0.0,-0.6558803458962558,1.0,-0.4472135954999579,0.11736313170325505,-0.5242105950545827,25.98,26.96
0.528181621220711,-0.6726022302119348,0.0,-0.6558803458962558,1.0,0.4472135954999579,0.11736313170325505,-0.5242105950545827,25.38,26.72
0.528181621220711,-0.6726022302119348,0.0,-0.6558803458962558,1.0,1.3416407864998738,0.11736313170325505,-0.5242105950545827,24.94,29.88
0.24438254116182206,-0.3942840659863067,0.5619514869490164,-0.6558803458962558,1.0,-1.3416407864998738,0.11736313170325505,-0.5242105950545827,38.57,43.86
0.24438254116182206,-0.3942840659863067,0.5619514869490164,-0.6558803458962558,1.0,-0.4472135954999579,0.11736313170325505,-0.5242105950545827,40.19,37.41
0.24438254116182206,-0.3942840659863067,0.5619514869490164,-0.6558803458962558,1.0,0.4472135954999579,0.11736313170325505,-0.5242105950545827,39.97,36.77
0.24438254116182206,-0.3942840659863067,0.5619514869490164,-0.6558803458962558,1.0,1.3416407864998738,0.11736313170325505,-0.5242105950545827,38.98,45.97
-0.03941653889706787,-0.11596590176067875,2.2478059477960657,-1.1986778735345365,1.0,-1.3416407864998738,0.11736313170325505,-0.5242105950545827,36.95,36.87
-0.03941653889706787,-0.11596590176067875,2.2478059477960657,-1.1986778735345365,1.0,-0.4472135954999579,0.11736313170325505,-0.5242105950545827,36.28,37.35
-0.03941653889706787,-0.11596590176067875,2.2478059477960657,-1.1986778735345365,1.0,0.4472135954999579,0.11736313170325505,-0.5242105950545827,36.86,37.28
-0.03941653889706787,-0.11596590176067875,2.2478059477960657,-1.1986778735345365,1.0,1.3416407864998738,0.11736313170325505,-0.5242105950545827,36.45,36.81
-0.22861592560299449,0.16235226246494922,-1.6858544608470492,0.9725122370185867,-1.0,-1.3416407864998738,0.11736313170325505,-0.5242105950545827,12.35,14.73
-0.22861592560299449,0.16235226246494922,-1.6858544608470492,0.9725122370185867,-1.0,-0.4472135954999579,0.11736313170325505,-0.5242105950545827,12.45,15.1
-0.22861592560299449,0.16235226246494922,-1.6858544608470492,0.9725122370185867,-1.0,0.4472135954999579,0.11736313170325505,-0.5242105950545827,12.16,15.18
-0.22861592560299449,0.16235226246494922,-1.6858544608470492,0.9725122370185867,-1.0,1.3416407864998738,0.11736313170325505,-0.5242105950545827,12.3,15.44
-0.5124150056618845,0.4406704266905772,-1.1239029738980328,0.9725122370185867,-1.0,-1.3416407864998738,0.11736313170325505,-0.5242105950545827,12.33,14.91
-0.5124150056618845,0.4406704266905772,-1.1239029738980328,0.9725122370185867,-1.0,-0.4472135954999579,0.11736313170325505,-0.5242105950545827,12.29,15.4
-0.5124150056618845,0.4406704266905772,-1.1239029738980328,0.9725122370185867,-1.0,0.4472135954999579,0.11736313170325505,-0.5242105950545827,12.2,14.94
-0.5124150056618845,0.4406704266905772,-1.1239029738980328,0.9725122370185867,-1.0,1.3416407864998738,0.11736313170325505,-0.5242105950545827,12.49,15.32
-0.7016143923678111,0.7189885909162052,-0.5619514869490164,0.9725122370185867,-1.0,-1.3416407864998738,0.11736313170325505,-0.5242105950545827,12.85,15.52
-0.7016143923678111,0.7189885909162052,-0.5619514869490164,0.9725122370185867,-1.0,-0.4472135954999579,0.11736313170325505,-0.5242105950545827,12.87,15.85
-0.7016143923678111,0.7189885909162052,-0.5619514869490164,0.9725122370185867,-1.0,0.4472135954999579,0.11736313170325505,-0.5242105950545827,12.73,15.66
-0.7016143923678111,0.7189885909162052,-0.5619514869490164,0.9725122370185867,-1.0,1.3416407864998738,0.11736313170325505,-0.5242105950545827,12.95,15.99
-0.9854134724267,0.9973067551418332,0.0,0.9725122370185867,-1.0,-1.3416407864998738,0.11736313170325505,-0.5242105950545827,13.05,15.89
-0.9854134724267,0.9973067551418332,0.0,0.9725122370185867,-1.0,-0.4472135954999579,0.11736313170325505,-0.5242105950545827,12.93,15.85
-0.9854134724267,0.9973067551418332,0.0,0.9725122370185867,-1.0,0.4472135954999579,0.11736313170325505,-0.5242105950545827,12.77,16.22
-0.9854134724267,0.9973067551418332,0.0,0.9725122370185867,-1.0,1.3416407864998738,0.11736313170325505,-0.5242105950545827,13.0,15.87
-1.1746128591326266,1.2756249193674611,0.5619514869490164,0.9725122370185867,-1.0,-1.3416407864998738,0.11736313170325505,-0.5242105950545827,17.14,20.47
-1.1746128591326266,1.2756249193674611,0.5619514869490164,0.9725122370185867,-1.0,-0.4472135954999579,0.11736313170325505,-0.5242105950545827,16.84,20.56
-1.1746128591326266,1.2756249193674611,0.5619514869490164,0.9725122370185867,-1.0,0.4472135954999579,0.11736313170325505,-0.5242105950545827,17.02,20.48
-1.1746128591326266,1.2756249193674611,0.5619514869490164,0.9725122370185867,-1.0,1.3416407864998738,0.11736313170325505,-0.5242105950545827,17.11,20.43
-1.363812245838553,1.5539430835930892,1.1239029738980328,0.9725122370185867,-1.0,-1.3416407864998738,0.11736313170325505,-0.5242105950545827,14.34,15.32
-1.363812245838553,1.5539430835930892,1.1239029738980328,0.9725122370185867,-1.0,-0.4472135954999579,0.11736313170325505,-0.5242105950545827,14.66,15.64
-1.363812245838553,1.5539430835930892,1.1239029738980328,0.9725122370185867,-1.0,0.4472135954999579,0.11736313170325505,-0.5242105950545827,14.6,15.14
-1.363812245838553,1.5539430835930892,1.1239029738980328,0.9725122370185867,-1.0,1.3416407864998738,0.11736313170325505,-0.5242105950545827,14.6,15.3
2.041776714868123,-1.7858748871144468,-0.5619514869490164,-1.4700766373536769,1.0,-1.3416407864998738,0.11736313170325505,0.12097167578182677,28.67,29.43
2.041776714868123,-1.7858748871144468,-0.5619514869490164,-1.4700766373536769,1.0,-0.4472135954999579,0.11736313170325505,0.12097167578182677,28.56,29.78
2.041776714868123,-1.7858748871144468,-0.5619514869490164,-1.4700766373536769,1.0,0.4472135954999579,0.11736313170325505,0.12097167578182677,28.17,30.1
2.041776714868123,-1.7858748871144468,-0.5619514869490164,-1.4700766373536769,1.0,1.3416407864998738,0.11736313170325505,0.12097167578182677,28.63,30.19
1.2849791680444174,-1.2292385586631907,0.0,-1.1986778735345365,1.0,-1.3416407864998738,0.11736313170325505,0.12097167578182677,31.63,36.35
1.2849791680444174,-1.2292385586631907,0.0,-1.1986778735345365,1.0,-0.4472135954999579,0.11736313170325505,0.12097167578182677,32.4,35.1
1.2849791680444174,-1.2292385586631907,0.0,-1.1986778735345365,1.0,0.4472135954999579,0.11736313170325505,0.12097167578182677,32.68,32.83
1.2849791680444174,-1.2292385586631907,0.0,-1.1986778735345365,1.0,1.3416407864998738,0.11736313170325505,0.12097167578182677,32.29,32.46
0.9065803946325642,-0.9509203944375627,-0.5619514869490164,-0.6558803458962558,1.0,-1.3416407864998738,0.11736313170325505,0.12097167578182677,28.4,33.52
0.9065803946325642,-0.9509203944375627,-0.5619514869490164,-0.6558803458962558,1.0,-0.4472135954999579,0.11736313170325505,0.12097167578182677,29.4,32.93
0.9065803946325642,-0.9509203944375627,-0.5619514869490164,-0.6558803458962558,1.0,0.4472135954999579,0.11736313170325505,0.12097167578182677,29.43,28.38
0.9065803946325642,-0.9509203944375627,-0.5619514869490164,-0.6558803458962558,1.0,1.3416407864998738,0.11736313170325505,0.12097167578182677,29.07,29.82
0.528181621220711,-0.6726022302119348,0.0,-0.6558803458962558,1.0,-1.3416407864998738,0.11736313170325505,0.12097167578182677,24.7,28.77
0.528181621220711,-0.6726022302119348,0.0,-0.6558803458962558,1.0,-0.4472135954999579,0.11736313170325505,0.12097167578182677,25.48,27.76
0.528181621220711,-0.6726022302119348,0.0,-0.6558803458962558,1.0,0.4472135954999579,0.11736313170325505,0.12097167578182677,25.37,26.95
0.528181621220711,-0.6726022302119348,0.0,-0.6558803458962558,1.0,1.3416407864998738,0.11736313170325505,0.12097167578182677,25.17,26.41
0.24438254116182206,-0.3942840659863067,0.5619514869490164,-0.6558803458962558,1.0,-1.3416407864998738,0.11736313170325505,0.12097167578182677,39.04,45.13
0.24438254116182206,-0.3942840659863067,0.5619514869490164,-0.6558803458962558,1.0,-0.4472135954999579,0.11736313170325505,0.12097167578182677,38.35,43.66
0.24438254116182206,-0.3942840659863067,0.5619514869490164,-0.6558803458962558,1.0,0.4472135954999579,0.11736313170325505,0.12097167578182677,39.81,37.76
0.24438254116182206,-0.3942840659863067,0.5619514869490164,-0.6558803458962558,1.0,1.3416407864998738,0.11736313170325505,0.12097167578182677,39.83,36.87
-0.03941653889706787,-0.11596590176067875,2.2478059477960657,-1.1986778735345365,1.0,-1.3416407864998738,0.11736313170325505,0.12097167578182677,35.99,36.07
-0.03941653889706787,-0.11596590176067875,2.2478059477960657,-1.1986778735345365,1.0,-0.4472135954999579,0.11736313170325505,0.12097167578182677,36.59,36.44
-0.03941653889706787,-0.11596590176067875,2.2478059477960657,-1.1986778735345365,1.0,0.4472135954999579,0.11736313170325505,0.12097167578182677,35.64,37.28
-0.03941653889706787,-0.11596590176067875,2.2478059477960657,-1.1986778735345365,1.0,1.3416407864998738,0.11736313170325505,0.12097167578182677,36.52,37.29
-0.22861592560299449,0.16235226246494922,-1.6858544608470492,0.9725122370185867,-1.0,-1.3416407864998738,0.11736313170325505,0.12097167578182677,11.8,14.49
-0.22861592560299449,0.16235226246494922,-1.6858544608470492,0.9725122370185867,-1.0,-0.4472135954999579,0.11736313170325505,0.12097167578182677,12.03,13.79
-0.22861592560299449,0.16235226246494922,-1.6858544608470492,0.9725122370185867,-1.0,0.4472135954999579,0.11736313170325505,0.12097167578182677,11.98,14.72
-0.22861592560299449,0.16235226246494922,-1.6858544608470492,0.9725122370185867,-1.0,1.3416407864998738,0.11736313170325505,0.12097167578182677,11.69,14.76
-0.5124150056618845,0.4406704266905772,-1.1239029738980328,0.9725122370185867,-1.0,-1.3416407864998738,0.11736313170325505,0.12097167578182677,12.41,14.92
-0.5124150056618845,0.4406704266905772,-1.1239029738980328,0.9725122370185867,-1.0,-0.4472135954999579,0.11736313170325505,0.12097167578182677,12.28,14.74
-0.5124150056618845,0.4406704266905772,-1.1239029738980328,0.9725122370185867,-1.0,0.4472135954999579,0.11736313170325505,0.12097167578182677,12.1,15.57
-0.5124150056618845,0.4406704266905772,-1.1239029738980328,0.9725122370185867,-1.0,1.3416407864998738,0.11736313170325505,0.12097167578182677,12.19,14.94
-0.7016143923678111,0.7189885909162052,-0.5619514869490164,0.9725122370185867,-1.0,-1.3416407864998738,0.11736313170325505,0.12097167578182677,12.34,14.92
-0.7016143923678111,0.7189885909162052,-0.5619514869490164,0.9725122370185867,-1.0,-0.4472135954999579,0.11736313170325505,0.12097167578182677,12.46,14.38
-0.7016143923678111,0.7189885909162052,-0.5619514869490164,0.9725122370185867,-1.0,0.4472135954999579,0.11736313170325505,0.12097167578182677,12.31,15.44
-0.7016143923678111,0.7189885909162052,-0.5619514869490164,0.9725122370185867,-1.0,1.3416407864998738,0.11736313170325505,0.12097167578182677,12.12,15.17
-0.9854134724267,0.9973067551418332,0.0,0.9725122370185867,-1.0,-1.3416407864998738,0.11736313170325505,0.12097167578182677,12.97,15.53
-0.9854134724267,0.9973067551418332,0.0,0.9725122370185867,-1.0,-0.4472135954999579,0.11736313170325505,0.12097167578182677,13.01,15.8
-0.9854134724267,0.9973067551418332,0.0,0.9725122370185867,-1.0,0.4472135954999579,0.11736313170325505,0.12097167578182677,12.74,16.14
-0.9854134724267,0.9973067551418332,0.0,0.9725122370185867,-1.0,1.3416407864998738,0.11736313170325505,0.12097167578182677,12.84,16.26
-1.1746128591326266,1.2756249193674611,0.5619514869490164,0.9725122370185867,-1.0,-1.3416407864998738,0.11736313170325505,0.12097167578182677,16.83,19.87
-1.1746128591326266,1.2756249193674611,0.5619514869490164,0.9725122370185867,-1.0,-0.4472135954999579,0.11736313170325505,0.12097167578182677,16.93,20.03
-1.1746128591326266,1.2756249193674611,0.5619514869490164,0.9725122370185867,-1.0,0.4472135954999579,0.11736313170325505,0.12097167578182677,16.66,20.46
-1.1746128591326266,1.2756249193674611,0.5619514869490164,0.9725122370185867,-1.0,1.3416407864998738,0.11736313170325505,0.12097167578182677,16.86,20.28
-1.363812245838553,1.5539430835930892,1.1239029738980328,0.9725122370185867,-1.0,-1.3416407864998738,0.11736313170325505,0.12097167578182677,13.91,14.89
-1.363812245838553,1.5539430835930892,1.1239029738980328,0.9725122370185867,-1.0,-0.4472135954999579,0.11736313170325505,0.12097167578182677,14.34,14.96
-1.363812245838553,1.5539430835930892,1.1239029738980328,0.9725122370185867,-1.0,0.4472135954999579,0.11736313170325505,0.12097167578182677,13.95,14.89
-1.363812245838553,1.5539430835930892,1.1239029738980328,0.9725122370185867,-1.0,1.3416407864998738,0.11736313170325505,0.12097167578182677,13.99,14.35
2.041776714868123,-1.7858748871144468,-0.5619514869490164,-1.4700766373536769,1.0,-1.3416407864998738,0.11736313170325505,0.7661539466182362,28.7,29.61
2.041776714868123,-1.7858748871144468,-0.5619514869490164,-1.4700766373536769,1.0,-0.4472135954999579,0.11736313170325505,0.7661539466182362,28.55,29.59
2.041776714868123,-1.7858748871144468,-0.5619514869490164,-1.4700766373536769,1.0,0.4472135954999579,0.11736313170325505,0.7661539466182362,28.15,30.19
2.041776714868123,-1.7858748871144468,-0.5619514869490164,-1.4700766373536769,1.0,1.3416407864998738,0.11736313170325505,0.7661539466182362,28.62,30.12
1.2849791680444174,-1.2292385586631907,0.0,-1.1986778735345365,1.0,-1.3416407864998738,0.11736313170325505,0.7661539466182362,32.67,32.12
1.2849791680444174,-1.2292385586631907,0.0,-1.1986778735345365,1.0,-0.4472135954999579,0.11736313170325505,0.7661539466182362,31.69,37.12
1.2849791680444174,-1.2292385586631907,0.0,-1.1986778735345365,1.0,0.4472135954999579,0.11736313170325505,0.7661539466182362,32.07,36.16
1.2849791680444174,-1.2292385586631907,0.0,-1.1986778735345365,1.0,1.3416407864998738,0.11736313170325505,0.7661539466182362,33.28,33.16
0.9065803946325642,-0.9509203944375627,-0.5619514869490164,-0.6558803458962558,1.0,-1.3416407864998738,0.11736313170325505,0.7661539466182362,29.47,29.45
0.9065803946325642,-0.9509203944375627,-0.5619514869490164,-0.6558803458962558,1.0,-0.4472135954999579,0.11736313170325505,0.7661539466182362,28.42,34.19
0.9065803946325642,-0.9509203944375627,-0.5619514869490164,-0.6558803458962558,1.0,0.4472135954999579,0.11736313170325505,0.7661539466182362,29.08,33.93
0.9065803946325642,-0.9509203944375627,-0.5619514869490164,-0.6558803458962558,1.0,1.3416407864998738,0.11736313170325505,0.7661539466182362,29.88,28.31
0.528181621220711,-0.6726022302119348,0.0,-0.6558803458962558,1.0,-1.3416407864998738,0.11736313170325505,0.7661539466182362,25.66,26.3
0.528181621220711,-0.6726022302119348,0.0,-0.6558803458962558,1.0,-0.4472135954999579,0.11736313170325505,0.7661539466182362,24.96,29.43
0.528181621220711,-0.6726022302119348,0.0,-0.6558803458962558,1.0,0.4472135954999579,0.11736313170325505,0.7661539466182362,25.43,28.76
0.528181621220711,-0.6726022302119348,0.0,-0.6558803458962558,1.0,1.3416407864998738,0.11736313170325505,0.7661539466182362,26.0,27.34
0.24438254116182206,-0.3942840659863067,0.5619514869490164,-0.6558803458962558,1.0,-1.3416407864998738,0.11736313170325505,0.7661539466182362,40.0,36.26
0.24438254116182206,-0.3942840659863067,0.5619514869490164,-0.6558803458962558,1.0,-0.4472135954999579,0.11736313170325505,0.7661539466182362,38.84,45.48
0.24438254116182206,-0.3942840659863067,0.5619514869490164,-0.6558803458962558,1.0,0.4472135954999579,0.11736313170325505,0.7661539466182362,38.33,44.16
0.24438254116182206,-0.3942840659863067,0.5619514869490164,-0.6558803458962558,1.0,1.3416407864998738,0.11736313170325505,0.7661539466182362,40.12,37.26
-0.03941653889706787,-0.11596590176067875,2.2478059477960657,-1.1986778735345365,1.0,-1.3416407864998738,0.11736313170325505,0.7661539466182362,36.95,37.2
-0.03941653889706787,-0.11596590176067875,2.2478059477960657,-1.1986778735345365,1.0,-0.4472135954999579,0.11736313170325505,0.7661539466182362,36.45,36.76
-0.03941653889706787,-0.11596590176067875,2.2478059477960657,-1.1986778735345365,1.0,0.4472135954999579,0.11736313170325505,0.7661539466182362,36.81,37.05
-0.03941653889706787,-0.11596590176067875,2.2478059477960657,-1.1986778735345365,1.0,1.3416407864998738,0.11736313170325505,0.7661539466182362,36.26,37.51
-0.22861592560299449,0.16235226246494922,-1.6858544608470492,0.9725122370185867,-1.0,-1.3416407864998738,0.11736313170325505,0.7661539466182362,12.32,14.92
-0.22861592560299449,0.16235226246494922,-1.6858544608470492,0.9725122370185867,-1.0,-0.4472135954999579,0.11736313170325505,0.7661539466182362,12.3,15.24
-0.22861592560299449,0.16235226246494922,-1.6858544608470492,0.9725122370185867,-1.0,0.4472135954999579,0.11736313170325505,0.7661539466182362,12.18,15.03
-0.22861592560299449,0.16235226246494922,-1.6858544608470492,0.9725122370185867,-1.0,1.3416407864998738,0.11736313170325505,0.7661539466182362,12.43,15.35
-0.5124150056618845,0.4406704266905772,-1.1239029738980328,0.9725122370185867,-1.0,-1.3416407864998738,0.11736313170325505,0.7661539466182362,12.36,14.67
-0.5124150056618845,0.4406704266905772,-1.1239029738980328,0.9725122370185867,-1.0,-0.4472135954999579,0.11736313170325505,0.7661539466182362,12.49,15.09
-0.5124150056618845,0.4406704266905772,-1.1239029738980328,0.9725122370185867,-1.0,0.4472135954999579,0.11736313170325505,0.7661539466182362,12.17,15.2
-0.5124150056618845,0.4406704266905772,-1.1239029738980328,0.9725122370185867,-1.0,1.3416407864998738,0.11736313170325505,0.7661539466182362,12.28,15.64
-0.7016143923678111,0.7189885909162052,-0.5619514869490164,0.9725122370185867,-1.0,-1.3416407864998738,0.11736313170325505,0.7661539466182362,12.91,15.37
-0.7016143923678111,0.7189885909162052,-0.5619514869490164,0.9725122370185867,-1.0,-0.4472135954999579,0.11736313170325505,0.7661539466182362,12.95,15.73
-0.7016143923678111,0.7189885909162052,-0.5619514869490164,0.9725122370185867,-1.0,0.4472135954999579,0.11736313170325505,0.7661539466182362,12.67,15.83
-0.7016143923678111,0.7189885909162052,-0.5619514869490164,0.9725122370185867,-1.0,1.3416407864998738,0.11736313170325505,0.7661539466182362,12.86,16.13
-0.9854134724267,0.9973067551418332,0.0,0.9725122370185867,-1.0,-1.3416407864998738,0.11736313170325505,0.7661539466182362,12.95,15.95
-0.9854134724267,0.9973067551418332,0.0,0.9725122370185867,-1.0,-0.4472135954999579,0.11736313170325505,0.7661539466182362,13.0,15.59
-0.9854134724267,0.9973067551418332,0.0,0.9725122370185867,-1.0,0.4472135954999579,0.11736313170325505,0.7661539466182362,12.86,16.17
-0.9854134724267,0.9973067551418332,0.0,0.9725122370185867,-1.0,1.3416407864998738,0.11736313170325505,0.7661539466182362,12.92,16.14
-1.1746128591326266,1.2756249193674611,0.5619514869490164,0.9725122370185867,-1.0,-1.3416407864998738,0.11736313170325505,0.7661539466182362,16.99,19.65
-1.1746128591326266,1.2756249193674611,0.5619514869490164,0.9725122370185867,-1.0,-0.4472135954999579,0.11736313170325505,0.7661539466182362,16.69,19.76
-1.1746128591326266,1.2756249193674611,0.5619514869490164,0.9725122370185867,-1.0,0.4472135954999579,0.11736313170325505,0.7661539466182362,16.56,20.37
-1.1746128591326266,1.2756249193674611,0.5619514869490164,0.9725122370185867,-1.0,1.3416407864998738,0.11736313170325505,0.7661539466182362,16.62,19.9
-1.363812245838553,1.5539430835930892,1.1239029738980328,0.9725122370185867,-1.0,-1.3416407864998738,0.11736313170325505,0.7661539466182362,14.33,15.41
-1.363812245838553,1.5539430835930892,1.1239029738980328,0.9725122370185867,-1.0,-0.4472135954999579,0.11736313170325505,0.7661539466182362,14.61,15.56
-1.363812245838553,1.5539430835930892,1.1239029738980328,0.9725122370185867,-1.0,0.4472135954999579,0.11736313170325505,0.7661539466182362,14.61,15.07
-1.363812245838553,1.5539430835930892,1.1239029738980328,0.9725122370185867,-1.0,1.3416407864998738,0.11736313170325505,0.7661539466182362,14.65,15.38
2.041776714868123,-1.7858748871144468,-0.5619514869490164,-1.4700766373536769,1.0,-1.3416407864998738,0.11736313170325505,1.4113362174546455,28.69,29.53
2.041776714868123,-1.7858748871144468,-0.5619514869490164,-1.4700766373536769,1.0,-0.4472135954999579,0.11736313170325505,1.4113362174546455,28.58,29.77
2.041776714868123,-1.7858748871144468,-0.5619514869490164,-1.4700766373536769,1.0,0.4472135954999579,0.11736313170325505,1.4113362174546455,28.15,30.0
2.041776714868123,-1.7858748871144468,-0.5619514869490164,-1.4700766373536769,1.0,1.3416407864998738,0.11736313170325505,1.4113362174546455,28.61,30.2
1.2849791680444174,-1.2292385586631907,0.0,-1.1986778735345365,1.0,-1.3416407864998738,0.11736313170325505,1.4113362174546455,33.13,32.25
1.2849791680444174,-1.2292385586631907,0.0,-1.1986778735345365,1.0,-0.4472135954999579,0.11736313170325505,1.4113362174546455,32.31,32.0
1.2849791680444174,-1.2292385586631907,0.0,-1.1986778735345365,1.0,0.4472135954999579,0.11736313170325505,1.4113362174546455,31.53,37.19
1.2849791680444174,-1.2292385586631907,0.0,-1.1986778735345365,1.0,1.3416407864998738,0.11736313170325505,1.4113362174546455,32.46,35.62
0.9065803946325642,-0.9509203944375627,-0.5619514869490164,-0.6558803458962558,1.0,-1.3416407864998738,0.11736313170325505,1.4113362174546455,29.71,28.02
0.9065803946325642,-0.9509203944375627,-0.5619514869490164,-0.6558803458962558,1.0,-0.4472135954999579,0.11736313170325505,1.4113362174546455,29.09,29.43
0.9065803946325642,-0.9509203944375627,-0.5619514869490164,-0.6558803458962558,1.0,0.4472135954999579,0.11736313170325505,1.4113362174546455,28.31,34.15
0.9065803946325642,-0.9509203944375627,-0.5619514869490164,-0.6558803458962558,1.0,1.3416407864998738,0.11736313170325505,1.4113362174546455,29.39,33.47
0.528181621220711,-0.6726022302119348,0.0,-0.6558803458962558,1.0,-1.3416407864998738,0.11736313170325505,1.4113362174546455,25.7,26.53
0.528181621220711,-0.6726022302119348,0.0,-0.6558803458962558,1.0,-0.4472135954999579,0.11736313170325505,1.4113362174546455,25.17,26.08
0.528181621220711,-0.6726022302119348,0.0,-0.6558803458962558,1.0,0.4472135954999579,0.11736313170325505,1.4113362174546455,24.6,29.31
0.528181621220711,-0.6726022302119348,0.0,-0.6558803458962558,1.0,1.3416407864998738,0.11736313170325505,1.4113362174546455,25.49,28.14
0.24438254116182206,-0.3942840659863067,0.5619514869490164,-0.6558803458962558,1.0,-1.3416407864998738,0.11736313170325505,1.4113362174546455,39.89,37.54
0.24438254116182206,-0.3942840659863067,0.5619514869490164,-0.6558803458962558,1.0,-0.4472135954999579,0.11736313170325505,1.4113362174546455,39.83,36.66
0.24438254116182206,-0.3942840659863067,0.5619514869490164,-0.6558803458962558,1.0,0.4472135954999579,0.11736313170325505,1.4113362174546455,39.01,45.28
0.24438254116182206,-0.3942840659863067,0.5619514869490164,-0.6558803458962558,1.0,1.3416407864998738,0.11736313170325505,1.4113362174546455,38.65,43.73
-0.03941653889706787,-0.11596590176067875,2.2478059477960657,-1.1986778735345365,1.0,-1.3416407864998738,0.11736313170325505,1.4113362174546455,35.69,36.93
-0.03941653889706787,-0.11596590176067875,2.2478059477960657,-1.1986778735345365,1.0,-0.4472135954999579,0.11736313170325505,1.4113362174546455,36.64,37.01
-0.03941653889706787,-0.11596590176067875,2.2478059477960657,-1.1986778735345365,1.0,0.4472135954999579,0.11736313170325505,1.4113362174546455,36.06,35.73
-0.03941653889706787,-0.11596590176067875,2.2478059477960657,-1.1986778735345365,1.0,1.3416407864998738,0.11736313170325505,1.4113362174546455,36.7,36.15
-0.22861592560299449,0.16235226246494922,-1.6858544608470492,0.9725122370185867,-1.0,-1.3416407864998738,0.11736313170325505,1.4113362174546455,12.12,14.48
-0.22861592560299449,0.16235226246494922,-1.6858544608470492,0.9725122370185867,-1.0,-0.4472135954999579,0.11736313170325505,1.4113362174546455,11.67,14.58
-0.22861592560299449,0.16235226246494922,-1.6858544608470492,0.9725122370185867,-1.0,0.4472135954999579,0.11736313170325505,1.4113362174546455,11.64,14.81
-0.22861592560299449,0.16235226246494922,-1.6858544608470492,0.9725122370185867,-1.0,1.3416407864998738,0.11736313170325505,1.4113362174546455,12.02,14.03
-0.5124150056618845,0.4406704266905772,-1.1239029738980328,0.9725122370185867,-1.0,-1.3416407864998738,0.11736313170325505,1.4113362174546455,12.27,15.27
-0.5124150056618845,0.4406704266905772,-1.1239029738980328,0.9725122370185867,-1.0,-0.4472135954999579,0.11736313170325505,1.4113362174546455,12.19,14.71
-0.5124150056618845,0.4406704266905772,-1.1239029738980328,0.9725122370185867,-1.0,0.4472135954999579,0.11736313170325505,1.4113362174546455,12.25,15.23
-0.5124150056618845,0.4406704266905772,-1.1239029738980328,0.9725122370185867,-1.0,1.3416407864998738,0.11736313170325505,1.4113362174546455,12.27,14.97
-0.7016143923678111,0.7189885909162052,-0.5619514869490164,0.9725122370185867,-1.0,-1.3416407864998738,0.11736313170325505,1.4113362174546455,12.47,15.14
-0.7016143923678111,0.7189885909162052,-0.5619514869490164,0.9725122370185867,-1.0,-0.4472135954999579,0.11736313170325505,1.4113362174546455,12.12,14.97
-0.7016143923678111,0.7189885909162052,-0.5619514869490164,0.9725122370185867,-1.0,0.4472135954999579,0.11736313170325505,1.4113362174546455,12.18,15.22
-0.7016143923678111,0.7189885909162052,-0.5619514869490164,0.9725122370185867,-1.0,1.3416407864998738,0.11736313170325505,1.4113362174546455,12.47,14.6
-0.9854134724267,0.9973067551418332,0.0,0.9725122370185867,-1.0,-1.3416407864998738,0.11736313170325505,1.4113362174546455,12.93,15.83
-0.9854134724267,0.9973067551418332,0.0,0.9725122370185867,-1.0,-0.4472135954999579,0.11736313170325505,1.4113362174546455,12.82,16.03
-0.9854134724267,0.9973067551418332,0.0,0.9725122370185867,-1.0,0.4472135954999579,0.11736313170325505,1.4113362174546455,12.78,15.8
-0.9854134724267,0.9973067551418332,0.0,0.9725122370185867,-1.0,1.3416407864998738,0.11736313170325505,1.4113362174546455,13.02,16.06
-1.1746128591326266,1.2756249193674611,0.5619514869490164,0.9725122370185867,-1.0,-1.3416407864998738,0.11736313170325505,1.4113362174546455,16.73,20.13
-1.1746128591326266,1.2756249193674611,0.5619514869490164,0.9725122370185867,-1.0,-0.4472135954999579,0.11736313170325505,1.4113362174546455,16.86,20.01
-1.1746128591326266,1.2756249193674611,0.5619514869490164,0.9725122370185867,-1.0,0.4472135954999579,0.11736313170325505,1.4113362174546455,16.76,20.19
-1.1746128591326266,1.2756249193674611,0.5619514869490164,0.9725122370185867,-1.0,1.3416407864998738,0.11736313170325505,1.4113362174546455,16.92,20.29
-1.363812245838553,1.5539430835930892,1.1239029738980328,0.9725122370185867,-1.0,-1.3416407864998738,0.11736313170325505,1.4113362174546455,13.68,15.19
-1.363812245838553,1.5539430835930892,1.1239029738980328,0.9725122370185867,-1.0,-0.4472135954999579,0.11736313170325505,1.4113362174546455,13.99,14.61
-1.363812245838553,1.5539430835930892,1.1239029738980328,0.9725122370185867,-1.0,0.4472135954999579,0.11736313170325505,1.4113362174546455,14.16,14.61
-1.363812245838553,1.5539430835930892,1.1239029738980328,0.9725122370185867,-1.0,1.3416407864998738,0.11736313170325505,1.4113362174546455,13.86,14.75
2.041776714868123,-1.7858748871144468,-0.5619514869490164,-1.4700766373536769,1.0,-1.3416407864998738,1.2440491960545037,-1.169392865890992,32.26,33.37
2.041776714868123,-1.7858748871144468,-0.5619514869490164,-1.4700766373536769,1.0,-0.4472135954999579,1.2440491960545037,-1.169392865890992,32.26,33.34
2.041776714868123,-1.7858748871144468,-0.5619514869490164,-1.4700766373536769,1.0,0.4472135954999579,1.2440491960545037,-1.169392865890992,32.49,32.83
2.041776714868123,-1.7858748871144468,-0.5619514869490164,-1.4700766373536769,1.0,1.3416407864998738,1.2440491960545037,-1.169392865890992,32.53,33.04
1.2849791680444174,-1.2292385586631907,0.0,-1.1986778735345365,1.0,-1.3416407864998738,1.2440491960545037,-1.169392865890992,36.47,39.28
1.2849791680444174,-1.2292385586631907,0.0,-1.1986778735345365,1.0,-0.4472135954999579,1.2440491960545037,-1.169392865890992,37.24,36.38
1.2849791680444174,-1.2292385586631907,0.0,-1.1986778735345365,1.0,0.4472135954999579,1.2440491960545037,-1.169392865890992,36.66,35.92
1.2849791680444174,-1.2292385586631907,0.0,-1.1986778735345365,1.0,1.3416407864998738,1.2440491960545037,-1.169392865890992,35.96,40.99
0.9065803946325642,-0.9509203944375627,-0.5619514869490164,-0.6558803458962558,1.0,-1.3416407864998738,1.2440491960545037,-1.169392865890992,31.89,35.99
0.9065803946325642,-0.9509203944375627,-0.5619514869490164,-0.6558803458962558,1.0,-0.4472135954999579,1.2440491960545037,-1.169392865890992,32.39,30.66
0.9065803946325642,-0.9509203944375627,-0.5619514869490164,-0.6558803458962558,1.0,0.4472135954999579,1.2440491960545037,-1.169392865890992,32.09,31.7
0.9065803946325642,-0.9509203944375627,-0.5619514869490164,-0.6558803458962558,1.0,1.3416407864998738,1.2440491960545037,-1.169392865890992,31.29,36.73
0.528181621220711,-0.6726022302119348,0.0,-0.6558803458962558,1.0,-1.3416407864998738,1.2440491960545037,-1.169392865890992,29.22,31.71
0.528181621220711,-0.6726022302119348,0.0,-0.6558803458962558,1.0,-0.4472135954999579,1.2440491960545037,-1.169392865890992,29.91,29.13
0.528181621220711,-0.6726022302119348,0.0,-0.6558803458962558,1.0,0.4472135954999579,1.2440491960545037,-1.169392865890992,29.53,28.99
0.528181621220711,-0.6726022302119348,0.0,-0.6558803458962558,1.0,1.3416407864998738,1.2440491960545037,-1.169392865890992,28.65,33.54
0.24438254116182206,-0.3942840659863067,0.5619514869490164,-0.6558803458962558,1.0,-1.3416407864998738,1.2440491960545037,-1.169392865890992,41.4,45.29
0.24438254116182206,-0.3942840659863067,0.5619514869490164,-0.6558803458962558,1.0,-0.4472135954999579,1.2440491960545037,-1.169392865890992,42.62,39.07
0.24438254116182206,-0.3942840659863067,0.5619514869490164,-0.6558803458962558,1.0,0.4472135954999579,1.2440491960545037,-1.169392865890992,42.5,38.35
0.24438254116182206,-0.3942840659863067,0.5619514869490164,-0.6558803458962558,1.0,1.3416407864998738,1.2440491960545037,-1.169392865890992,41.67,46.94
-0.03941653889706787,-0.11596590176067875,2.2478059477960657,-1.1986778735345365,1.0,-1.3416407864998738,1.2440491960545037,-1.169392865890992,40.78,39.55
-0.03941653889706787,-0.11596590176067875,2.2478059477960657,-1.1986778735345365,1.0,-0.4472135954999579,1.2440491960545037,-1.169392865890992,39.97,40.85
-0.03941653889706787,-0.11596590176067875,2.2478059477960657,-1.1986778735345365,1.0,0.4472135954999579,1.2440491960545037,-1.169392865890992,40.71,40.63
-0.03941653889706787,-0.11596590176067875,2.2478059477960657,-1.1986778735345365,1.0,1.3416407864998738,1.2440491960545037,-1.169392865890992,40.43,39.48
-0.22861592560299449,0.16235226246494922,-1.6858544608470492,0.9725122370185867,-1.0,-1.3416407864998738,1.2440491960545037,-1.169392865890992,14.52,16.94
-0.22861592560299449,0.16235226246494922,-1.6858544608470492,0.9725122370185867,-1.0,-0.4472135954999579,1.2440491960545037,-1.169392865890992,14.61,17.25
-0.22861592560299449,0.16235226246494922,-1.6858544608470492,0.9725122370185867,-1.0,0.4472135954999579,1.2440491960545037,-1.169392865890992,14.5,17.03
-0.22861592560299449,0.16235226246494922,-1.6858544608470492,0.9725122370185867,-1.0,1.3416407864998738,1.2440491960545037,-1.169392865890992,14.55,17.25
-0.5124150056618845,0.4406704266905772,-1.1239029738980328,0.9725122370185867,-1.0,-1.3416407864998738,1.2440491960545037,-1.169392865890992,14.51,17.1
-0.5124150056618845,0.4406704266905772,-1.1239029738980328,0.9725122370185867,-1.0,-0.4472135954999579,1.2440491960545037,-1.169392865890992,14.6,17.51
-0.5124150056618845,0.4406704266905772,-1.1239029738980328,0.9725122370185867,-1.0,0.4472135954999579,1.2440491960545037,-1.169392865890992,14.5,17.12
-0.5124150056618845,0.4406704266905772,-1.1239029738980328,0.9725122370185867,-1.0,1.3416407864998738,1.2440491960545037,-1.169392865890992,14.58,17.47
-0.7016143923678111,0.7189885909162052,-0.5619514869490164,0.9725122370185867,-1.0,-1.3416407864998738,1.2440491960545037,-1.169392865890992,14.51,16.5
-0.7016143923678111,0.7189885909162052,-0.5619514869490164,0.9725122370185867,-1.0,-0.4472135954999579,1.2440491960545037,-1.169392865890992,14.7,17.0
-0.7016143923678111,0.7189885909162052,-0.5619514869490164,0.9725122370185867,-1.0,0.4472135954999579,1.2440491960545037,-1.169392865890992,14.42,16.87
-0.7016143923678111,0.7189885909162052,-0.5619514869490164,0.9725122370185867,-1.0,1.3416407864998738,1.2440491960545037,-1.169392865890992,14.42,17.2
-0.9854134724267,0.9973067551418332,0.0,0.9725122370185867,-1.0,-1.3416407864998738,1.2440491960545037,-1.169392865890992,15.23,18.14
-0.9854134724267,0.9973067551418332,0.0,0.9725122370185867,-1.0,-0.4472135954999579,1.2440491960545037,-1.169392865890992,15.23,18.03
-0.9854134724267,0.9973067551418332,0.0,0.9725122370185867,-1.0,0.4472135954999579,1.2440491960545037,-1.169392865890992,15.23,18.14
-0.9854134724267,0.9973067551418332,0.0,0.9725122370185867,-1.0,1.3416407864998738,1.2440491960545037,-1.169392865890992,15.23,17.95
-1.1746128591326266,1.2756249193674611,0.5619514869490164,0.9725122370185867,-1.0,-1.3416407864998738,1.2440491960545037,-1.169392865890992,19.52,22.72
-1.1746128591326266,1.2756249193674611,0.5619514869490164,0.9725122370185867,-1.0,-0.4472135954999579,1.2440491960545037,-1.169392865890992,19.36,22.73
-1.1746128591326266,1.2756249193674611,0.5619514869490164,0.9725122370185867,-1.0,0.4472135954999579,1.2440491960545037,-1.169392865890992,19.48,22.72
-1.1746128591326266,1.2756249193674611,0.5619514869490164,0.9725122370185867,-1.0,1.3416407864998738,1.2440491960545037,-1.169392865890992,19.42,22.53
-1.363812245838553,1.5539430835930892,1.1239029738980328,0.9725122370185867,-1.0,-1.3416407864998738,1.2440491960545037,-1.169392865890992,15.09,17.2
-1.363812245838553,1.5539430835930892,1.1239029738980328,0.9725122370185867,-1.0,-0.4472135954999579,1.2440491960545037,-1.169392865890992,17.17,17.21
-1.363812245838553,1.5539430835930892,1.1239029738980328,0.9725122370185867,-1.0,0.4472135954999579,1.2440491960545037,-1.169392865890992,17.14,17.15
-1.363812245838553,1.5539430835930892,1.1239029738980328,0.9725122370185867,-1.0,1.3416407864998738,1.2440491960545037,-1.169392865890992,17.14,17.2
2.041776714868123,-1.7858748871144468,-0.5619514869490164,-1.4700766373536769,1.0,-1.3416407864998738,1.2440491960545037,-0.5242105950545827,32.82,32.96
2.041776714868123,-1.7858748871144468,-0.5619514869490164,-1.4700766373536769,1.0,-0.4472135954999579,1.2440491960545037,-0.5242105950545827,32.71,33.13
2.041776714868123,-1.7858748871144468,-0.5619514869490164,-1.4700766373536769,1.0,0.4472135954999579,1.2440491960545037,-0.5242105950545827,32.24,33.94
2.041776714868123,-1.7858748871144468,-0.5619514869490164,-1.4700766373536769,1.0,1.3416407864998738,1.2440491960545037,-0.5242105950545827,32.72,33.78
1.2849791680444174,-1.2292385586631907,0.0,-1.1986778735345365,1.0,-1.3416407864998738,1.2440491960545037,-0.5242105950545827,35.84,38.35
1.2849791680444174,-1.2292385586631907,0.0,-1.1986778735345365,1.0,-0.4472135954999579,1.2440491960545037,-0.5242105950545827,36.57,35.39
1.2849791680444174,-1.2292385586631907,0.0,-1.1986778735345365,1.0,0.4472135954999579,1.2440491960545037,-0.5242105950545827,36.06,34.94
1.2849791680444174,-1.2292385586631907,0.0,-1.1986778735345365,1.0,1.3416407864998738,1.2440491960545037,-0.5242105950545827,35.69,40.66
0.9065803946325642,-0.9509203944375627,-0.5619514869490164,-0.6558803458962558,1.0,-1.3416407864998738,1.2440491960545037,-0.5242105950545827,32.48,35.48
0.9065803946325642,-0.9509203944375627,-0.5619514869490164,-0.6558803458962558,1.0,-0.4472135954999579,1.2440491960545037,-0.5242105950545827,32.74,30.53
0.9065803946325642,-0.9509203944375627,-0.5619514869490164,-0.6558803458962558,1.0,0.4472135954999579,1.2440491960545037,-0.5242105950545827,32.13,32.28
0.9065803946325642,-0.9509203944375627,-0.5619514869490164,-0.6558803458962558,1.0,1.3416407864998738,1.2440491960545037,-0.5242105950545827,31.64,36.86
0.528181621220711,-0.6726022302119348,0.0,-0.6558803458962558,1.0,-1.3416407864998738,1.2440491960545037,-0.5242105950545827,28.95,30.34
0.528181621220711,-0.6726022302119348,0.0,-0.6558803458962558,1.0,-0.4472135954999579,1.2440491960545037,-0.5242105950545827,29.49,27.93
0.528181621220711,-0.6726022302119348,0.0,-0.6558803458962558,1.0,0.4472135954999579,1.2440491960545037,-0.5242105950545827,28.64,28.95
0.528181621220711,-0.6726022302119348,0.0,-0.6558803458962558,1.0,1.3416407864998738,1.2440491960545037,-0.5242105950545827,28.01,32.92
0.24438254116182206,-0.3942840659863067,0.5619514869490164,-0.6558803458962558,1.0,-1.3416407864998738,1.2440491960545037,-0.5242105950545827,41.64,45.59
0.24438254116182206,-0.3942840659863067,0.5619514869490164,-0.6558803458962558,1.0,-0.4472135954999579,1.2440491960545037,-0.5242105950545827,43.1,39.41
0.24438254116182206,-0.3942840659863067,0.5619514869490164,-0.6558803458962558,1.0,0.4472135954999579,1.2440491960545037,-0.5242105950545827,42.74,38.84
0.24438254116182206,-0.3942840659863067,0.5619514869490164,-0.6558803458962558,1.0,1.3416407864998738,1.2440491960545037,-0.5242105950545827,41.92,48.03
-0.03941653889706787,-0.11596590176067875,2.2478059477960657,-1.1986778735345365,1.0,-1.3416407864998738,1.2440491960545037,-0.5242105950545827,40.78,39.48
-0.03941653889706787,-0.11596590176067875,2.2478059477960657,-1.1986778735345365,1.0,-0.4472135954999579,1.2440491960545037,-0.5242105950545827,40.15,40.4
-0.03941653889706787,-0.11596590176067875,2.2478059477960657,-1.1986778735345365,1.0,0.4472135954999579,1.2440491960545037,-0.5242105950545827,40.57,40.47
-0.03941653889706787,-0.11596590176067875,2.2478059477960657,-1.1986778735345365,1.0,1.3416407864998738,1.2440491960545037,-0.5242105950545827,40.42,39.7
-0.22861592560299449,0.16235226246494922,-1.6858544608470492,0.9725122370185867,-1.0,-1.3416407864998738,1.2440491960545037,-0.5242105950545827,14.54,16.43
-0.22861592560299449,0.16235226246494922,-1.6858544608470492,0.9725122370185867,-1.0,-0.4472135954999579,1.2440491960545037,-0.5242105950545827,14.45,16.93
-0.22861592560299449,0.16235226246494922,-1.6858544608470492,0.9725122370185867,-1.0,0.4472135954999579,1.2440491960545037,-0.5242105950545827,14.18,16.99
-0.22861592560299449,0.16235226246494922,-1.6858544608470492,0.9725122370185867,-1.0,1.3416407864998738,1.2440491960545037,-0.5242105950545827,14.5,17.03
-0.5124150056618845,0.4406704266905772,-1.1239029738980328,0.9725122370185867,-1.0,-1.3416407864998738,1.2440491960545037,-0.5242105950545827,14.7,16.77
-0.5124150056618845,0.4406704266905772,-1.1239029738980328,0.9725122370185867,-1.0,-0.4472135954999579,1.2440491960545037,-0.5242105950545827,14.66,17.37
-0.5124150056618845,0.4406704266905772,-1.1239029738980328,0.9725122370185867,-1.0,0.4472135954999579,1.2440491960545037,-0.5242105950545827,14.4,17.27
-0.5124150056618845,0.4406704266905772,-1.1239029738980328,0.9725122370185867,-1.0,1.3416407864998738,1.2440491960545037,-0.5242105950545827,14.71,17.51
-0.7016143923678111,0.7189885909162052,-0.5619514869490164,0.9725122370185867,-1.0,-1.3416407864998738,1.2440491960545037,-0.5242105950545827,14.75,16.44
-0.7016143923678111,0.7189885909162052,-0.5619514869490164,0.9725122370185867,-1.0,-0.4472135954999579,1.2440491960545037,-0.5242105950545827,14.71,17.01
-0.7016143923678111,0.7189885909162052,-0.5619514869490164,0.9725122370185867,-1.0,0.4472135954999579,1.2440491960545037,-0.5242105950545827,14.33,17.23
-0.7016143923678111,0.7189885909162052,-0.5619514869490164,0.9725122370185867,-1.0,1.3416407864998738,1.2440491960545037,-0.5242105950545827,14.62,17.22
-0.9854134724267,0.9973067551418332,0.0,0.9725122370185867,-1.0,-1.3416407864998738,1.2440491960545037,-0.5242105950545827,15.34,17.85
-0.9854134724267,0.9973067551418332,0.0,0.9725122370185867,-1.0,-0.4472135954999579,1.2440491960545037,-0.5242105950545827,15.29,17.89
-0.9854134724267,0.9973067551418332,0.0,0.9725122370185867,-1.0,0.4472135954999579,1.2440491960545037,-0.5242105950545827,15.09,18.36
-0.9854134724267,0.9973067551418332,0.0,0.9725122370185867,-1.0,1.3416407864998738,1.2440491960545037,-0.5242105950545827,15.3,18.15
-1.1746128591326266,1.2756249193674611,0.5619514869490164,0.9725122370185867,-1.0,-1.3416407864998738,1.2440491960545037,-0.5242105950545827,19.2,21.72
-1.1746128591326266,1.2756249193674611,0.5619514869490164,0.9725122370185867,-1.0,-0.4472135954999579,1.2440491960545037,-0.5242105950545827,18.88,22.07
-1.1746128591326266,1.2756249193674611,0.5619514869490164,0.9725122370185867,-1.0,0.4472135954999579,1.2440491960545037,-0.5242105950545827,18.9,22.09
-1.1746128591326266,1.2756249193674611,0.5619514869490164,0.9725122370185867,-1.0,1.3416407864998738,1.2440491960545037,-0.5242105950545827,19.12,21.93
-1.363812245838553,1.5539430835930892,1.1239029738980328,0.9725122370185867,-1.0,-1.3416407864998738,1.2440491960545037,-0.5242105950545827,16.76,17.36
-1.363812245838553,1.5539430835930892,1.1239029738980328,0.9725122370185867,-1.0,-0.4472135954999579,1.2440491960545037,-0.5242105950545827,17.23,17.38
-1.363812245838553,1.5539430835930892,1.1239029738980328,0.9725122370185867,-1.0,0.4472135954999579,1.2440491960545037,-0.5242105950545827,17.26,16.86
-1.363812245838553,1.5539430835930892,1.1239029738980328,0.9725122370185867,-1.0,1.3416407864998738,1.2440491960545037,-0.5242105950545827,17.15,16.99
2.041776714868123,-1.7858748871144468,-0.5619514869490164,-1.4700766373536769,1.0,-1.3416407864998738,1.2440491960545037,0.12097167578182677,32.82,32.78
2.041776714868123,-1.7858748871144468,-0.5619514869490164,-1.4700766373536769,1.0,-0.4472135954999579,1.2440491960545037,0.12097167578182677,32.69,33.24
2.041776714868123,-1.7858748871144468,-0.5619514869490164,-1.4700766373536769,1.0,0.4472135954999579,1.2440491960545037,0.12097167578182677,32.23,33.86
2.041776714868123,-1.7858748871144468,-0.5619514869490164,-1.4700766373536769,1.0,1.3416407864998738,1.2440491960545037,0.12097167578182677,32.75,34.0
1.2849791680444174,-1.2292385586631907,0.0,-1.1986778735345365,1.0,-1.3416407864998738,1.2440491960545037,0.12097167578182677,34.24,37.26
1.2849791680444174,-1.2292385586631907,0.0,-1.1986778735345365,1.0,-0.4472135954999579,1.2440491960545037,0.12097167578182677,34.95,35.04
1.2849791680444174,-1.2292385586631907,0.0,-1.1986778735345365,1.0,0.4472135954999579,1.2440491960545037,0.12097167578182677,35.05,33.82
1.2849791680444174,-1.2292385586631907,0.0,-1.1986778735345365,1.0,1.3416407864998738,1.2440491960545037,0.12097167578182677,34.29,33.31
0.9065803946325642,-0.9509203944375627,-0.5619514869490164,-0.6558803458962558,1.0,-1.3416407864998738,1.2440491960545037,0.12097167578182677,31.28,35.22
0.9065803946325642,-0.9509203944375627,-0.5619514869490164,-0.6558803458962558,1.0,-0.4472135954999579,1.2440491960545037,0.12097167578182677,32.12,34.7
0.9065803946325642,-0.9509203944375627,-0.5619514869490164,-0.6558803458962558,1.0,0.4472135954999579,1.2440491960545037,0.12097167578182677,32.05,30.11
0.9065803946325642,-0.9509203944375627,-0.5619514869490164,-0.6558803458962558,1.0,1.3416407864998738,1.2440491960545037,0.12097167578182677,31.84,31.6
0.528181621220711,-0.6726022302119348,0.0,-0.6558803458962558,1.0,-1.3416407864998738,1.2440491960545037,0.12097167578182677,28.67,32.43
0.528181621220711,-0.6726022302119348,0.0,-0.6558803458962558,1.0,-0.4472135954999579,1.2440491960545037,0.12097167578182677,29.67,30.65
0.528181621220711,-0.6726022302119348,0.0,-0.6558803458962558,1.0,0.4472135954999579,1.2440491960545037,0.12097167578182677,29.47,29.77
0.528181621220711,-0.6726022302119348,0.0,-0.6558803458962558,1.0,1.3416407864998738,1.2440491960545037,0.12097167578182677,28.91,29.64
0.24438254116182206,-0.3942840659863067,0.5619514869490164,-0.6558803458962558,1.0,-1.3416407864998738,1.2440491960545037,0.12097167578182677,41.26,46.44
0.24438254116182206,-0.3942840659863067,0.5619514869490164,-0.6558803458962558,1.0,-0.4472135954999579,1.2440491960545037,0.12097167578182677,41.3,44.18
0.24438254116182206,-0.3942840659863067,0.5619514869490164,-0.6558803458962558,1.0,0.4472135954999579,1.2440491960545037,0.12097167578182677,42.49,38.81
0.24438254116182206,-0.3942840659863067,0.5619514869490164,-0.6558803458962558,1.0,1.3416407864998738,1.2440491960545037,0.12097167578182677,42.08,38.23
-0.03941653889706787,-0.11596590176067875,2.2478059477960657,-1.1986778735345365,1.0,-1.3416407864998738,1.2440491960545037,0.12097167578182677,39.32,38.17
-0.03941653889706787,-0.11596590176067875,2.2478059477960657,-1.1986778735345365,1.0,-0.4472135954999579,1.2440491960545037,0.12097167578182677,39.84,38.48
-0.03941653889706787,-0.11596590176067875,2.2478059477960657,-1.1986778735345365,1.0,0.4472135954999579,1.2440491960545037,0.12097167578182677,38.89,39.66
-0.03941653889706787,-0.11596590176067875,2.2478059477960657,-1.1986778735345365,1.0,1.3416407864998738,1.2440491960545037,0.12097167578182677,39.68,40.1
-0.22861592560299449,0.16235226246494922,-1.6858544608470492,0.9725122370185867,-1.0,-1.3416407864998738,1.2440491960545037,0.12097167578182677,13.97,16.08
-0.22861592560299449,0.16235226246494922,-1.6858544608470492,0.9725122370185867,-1.0,-0.4472135954999579,1.2440491960545037,0.12097167578182677,14.22,15.39
-0.22861592560299449,0.16235226246494922,-1.6858544608470492,0.9725122370185867,-1.0,0.4472135954999579,1.2440491960545037,0.12097167578182677,14.1,16.57
-0.22861592560299449,0.16235226246494922,-1.6858544608470492,0.9725122370185867,-1.0,1.3416407864998738,1.2440491960545037,0.12097167578182677,13.78,16.6
-0.5124150056618845,0.4406704266905772,-1.1239029738980328,0.9725122370185867,-1.0,-1.3416407864998738,1.2440491960545037,0.12097167578182677,14.07,16.11
-0.5124150056618845,0.4406704266905772,-1.1239029738980328,0.9725122370185867,-1.0,-0.4472135954999579,1.2440491960545037,0.12097167578182677,14.03,15.47
-0.5124150056618845,0.4406704266905772,-1.1239029738980328,0.9725122370185867,-1.0,0.4472135954999579,1.2440491960545037,0.12097167578182677,13.94,16.7
-0.5124150056618845,0.4406704266905772,-1.1239029738980328,0.9725122370185867,-1.0,1.3416407864998738,1.2440491960545037,0.12097167578182677,13.86,16.1
-0.7016143923678111,0.7189885909162052,-0.5619514869490164,0.9725122370185867,-1.0,-1.3416407864998738,1.2440491960545037,0.12097167578182677,14.32,16.35
-0.7016143923678111,0.7189885909162052,-0.5619514869490164,0.9725122370185867,-1.0,-0.4472135954999579,1.2440491960545037,0.12097167578182677,14.56,15.84
-0.7016143923678111,0.7189885909162052,-0.5619514869490164,0.9725122370185867,-1.0,0.4472135954999579,1.2440491960545037,0.12097167578182677,14.33,16.99
-0.7016143923678111,0.7189885909162052,-0.5619514869490164,0.9725122370185867,-1.0,1.3416407864998738,1.2440491960545037,0.12097167578182677,14.08,17.02
-0.9854134724267,0.9973067551418332,0.0,0.9725122370185867,-1.0,-1.3416407864998738,1.2440491960545037,0.12097167578182677,15.16,17.04
-0.9854134724267,0.9973067551418332,0.0,0.9725122370185867,-1.0,-0.4472135954999579,1.2440491960545037,0.12097167578182677,15.18,17.63
-0.9854134724267,0.9973067551418332,0.0,0.9725122370185867,-1.0,0.4472135954999579,1.2440491960545037,0.12097167578182677,14.72,18.1
-0.9854134724267,0.9973067551418332,0.0,0.9725122370185867,-1.0,1.3416407864998738,1.2440491960545037,0.12097167578182677,14.9,18.22
-1.1746128591326266,1.2756249193674611,0.5619514869490164,0.9725122370185867,-1.0,-1.3416407864998738,1.2440491960545037,0.12097167578182677,18.48,20.78
-1.1746128591326266,1.2756249193674611,0.5619514869490164,0.9725122370185867,-1.0,-0.4472135954999579,1.2440491960545037,0.12097167578182677,18.71,20.72
-1.1746128591326266,1.2756249193674611,0.5619514869490164,0.9725122370185867,-1.0,0.4472135954999579,1.2440491960545037,0.12097167578182677,18.48,21.54
-1.1746128591326266,1.2756249193674611,0.5619514869490164,0.9725122370185867,-1.0,1.3416407864998738,1.2440491960545037,0.12097167578182677,18.46,21.53
-1.363812245838553,1.5539430835930892,1.1239029738980328,0.9725122370185867,-1.0,-1.3416407864998738,1.2440491960545037,0.12097167578182677,16.47,16.9
-1.363812245838553,1.5539430835930892,1.1239029738980328,0.9725122370185867,-1.0,-0.4472135954999579,1.2440491960545037,0.12097167578182677,16.35,17.14
-1.363812245838553,1.5539430835930892,1.1239029738980328,0.9725122370185867,-1.0,0.4472135954999579,1.2440491960545037,0.12097167578182677,16.55,16.56
-1.363812245838553,1.5539430835930892,1.1239029738980328,0.9725122370185867,-1.0,1.3416407864998738,1.2440491960545037,0.12097167578182677,16.74,16.0
2.041776714868123,-1.7858748871144468,-0.5619514869490164,-1.4700766373536769,1.0,-1.3416407864998738,1.2440491960545037,0.7661539466182362,32.85,32.95
2.041776714868123,-1.7858748871144468,-0.5619514869490164,-1.4700766373536769,1.0,-0.4472135954999579,1.2440491960545037,0.7661539466182362,32.67,33.06
2.041776714868123,-1.7858748871144468,-0.5619514869490164,-1.4700766373536769,1.0,0.4472135954999579,1.2440491960545037,0.7661539466182362,32.21,33.95
2.041776714868123,-1.7858748871144468,-0.5619514869490164,-1.4700766373536769,1.0,1.3416407864998738,1.2440491960545037,0.7661539466182362,32.74,33.88
1.2849791680444174,-1.2292385586631907,0.0,-1.1986778735345365,1.0,-1.3416407864998738,1.2440491960545037,0.7661539466182362,36.45,33.98
1.2849791680444174,-1.2292385586631907,0.0,-1.1986778735345365,1.0,-0.4472135954999579,1.2440491960545037,0.7661539466182362,35.73,39.92
1.2849791680444174,-1.2292385586631907,0.0,-1.1986778735345365,1.0,0.4472135954999579,1.2440491960545037,0.7661539466182362,35.4,39.22
1.2849791680444174,-1.2292385586631907,0.0,-1.1986778735345365,1.0,1.3416407864998738,1.2440491960545037,0.7661539466182362,36.57,36.1
0.9065803946325642,-0.9509203944375627,-0.5619514869490164,-0.6558803458962558,1.0,-1.3416407864998738,1.2440491960545037,0.7661539466182362,32.38,31.53
0.9065803946325642,-0.9509203944375627,-0.5619514869490164,-0.6558803458962558,1.0,-0.4472135954999579,1.2440491960545037,0.7661539466182362,31.66,36.2
0.9065803946325642,-0.9509203944375627,-0.5619514869490164,-0.6558803458962558,1.0,0.4472135954999579,1.2440491960545037,0.7661539466182362,32.15,36.21
0.9065803946325642,-0.9509203944375627,-0.5619514869490164,-0.6558803458962558,1.0,1.3416407864998738,1.2440491960545037,0.7661539466182362,32.75,31.0
0.528181621220711,-0.6726022302119348,0.0,-0.6558803458962558,1.0,-1.3416407864998738,1.2440491960545037,0.7661539466182362,28.93,28.2
0.528181621220711,-0.6726022302119348,0.0,-0.6558803458962558,1.0,-0.4472135954999579,1.2440491960545037,0.7661539466182362,28.05,32.35
0.528181621220711,-0.6726022302119348,0.0,-0.6558803458962558,1.0,0.4472135954999579,1.2440491960545037,0.7661539466182362,28.64,31.14
0.528181621220711,-0.6726022302119348,0.0,-0.6558803458962558,1.0,1.3416407864998738,1.2440491960545037,0.7661539466182362,29.52,28.43
0.24438254116182206,-0.3942840659863067,0.5619514869490164,-0.6558803458962558,1.0,-1.3416407864998738,1.2440491960545037,0.7661539466182362,42.77,38.33
0.24438254116182206,-0.3942840659863067,0.5619514869490164,-0.6558803458962558,1.0,-0.4472135954999579,1.2440491960545037,0.7661539466182362,41.73,47.59
0.24438254116182206,-0.3942840659863067,0.5619514869490164,-0.6558803458962558,1.0,0.4472135954999579,1.2440491960545037,0.7661539466182362,41.32,46.23
0.24438254116182206,-0.3942840659863067,0.5619514869490164,-0.6558803458962558,1.0,1.3416407864998738,1.2440491960545037,0.7661539466182362,42.96,39.56
-0.03941653889706787,-0.11596590176067875,2.2478059477960657,-1.1986778735345365,1.0,-1.3416407864998738,1.2440491960545037,0.7661539466182362,40.68,40.36
-0.03941653889706787,-0.11596590176067875,2.2478059477960657,-1.1986778735345365,1.0,-0.4472135954999579,1.2440491960545037,0.7661539466182362,40.4,39.67
-0.03941653889706787,-0.11596590176067875,2.2478059477960657,-1.1986778735345365,1.0,0.4472135954999579,1.2440491960545037,0.7661539466182362,40.6,39.85
-0.03941653889706787,-0.11596590176067875,2.2478059477960657,-1.1986778735345365,1.0,1.3416407864998738,1.2440491960545037,0.7661539466182362,40.11,40.77
-0.22861592560299449,0.16235226246494922,-1.6858544608470492,0.9725122370185867,-1.0,-1.3416407864998738,1.2440491960545037,0.7661539466182362,14.37,16.61
-0.22861592560299449,0.16235226246494922,-1.6858544608470492,0.9725122370185867,-1.0,-0.4472135954999579,1.2440491960545037,0.7661539466182362,14.48,16.74
-0.22861592560299449,0.16235226246494922,-1.6858544608470492,0.9725122370185867,-1.0,0.4472135954999579,1.2440491960545037,0.7661539466182362,14.32,16.9
-0.22861592560299449,0.16235226246494922,-1.6858544608470492,0.9725122370185867,-1.0,1.3416407864998738,1.2440491960545037,0.7661539466182362,14.44,17.32
-0.5124150056618845,0.4406704266905772,-1.1239029738980328,0.9725122370185867,-1.0,-1.3416407864998738,1.2440491960545037,0.7661539466182362,14.6,16.85
-0.5124150056618845,0.4406704266905772,-1.1239029738980328,0.9725122370185867,-1.0,-0.4472135954999579,1.2440491960545037,0.7661539466182362,14.7,17.2
-0.5124150056618845,0.4406704266905772,-1.1239029738980328,0.9725122370185867,-1.0,0.4472135954999579,1.2440491960545037,0.7661539466182362,14.47,17.23
-0.5124150056618845,0.4406704266905772,-1.1239029738980328,0.9725122370185867,-1.0,1.3416407864998738,1.2440491960545037,0.7661539466182362,14.66,17.74
-0.7016143923678111,0.7189885909162052,-0.5619514869490164,0.9725122370185867,-1.0,-1.3416407864998738,1.2440491960545037,0.7661539466182362,14.54,16.81
-0.7016143923678111,0.7189885909162052,-0.5619514869490164,0.9725122370185867,-1.0,-0.4472135954999579,1.2440491960545037,0.7661539466182362,14.62,16.88
-0.7016143923678111,0.7189885909162052,-0.5619514869490164,0.9725122370185867,-1.0,0.4472135954999579,1.2440491960545037,0.7661539466182362,14.53,16.9
-0.7016143923678111,0.7189885909162052,-0.5619514869490164,0.9725122370185867,-1.0,1.3416407864998738,1.2440491960545037,0.7661539466182362,14.71,17.39
-0.9854134724267,0.9973067551418332,0.0,0.9725122370185867,-1.0,-1.3416407864998738,1.2440491960545037,0.7661539466182362,15.34,17.86
-0.9854134724267,0.9973067551418332,0.0,0.9725122370185867,-1.0,-0.4472135954999579,1.2440491960545037,0.7661539466182362,15.29,17.82
-0.9854134724267,0.9973067551418332,0.0,0.9725122370185867,-1.0,0.4472135954999579,1.2440491960545037,0.7661539466182362,15.09,18.36
-0.9854134724267,0.9973067551418332,0.0,0.9725122370185867,-1.0,1.3416407864998738,1.2440491960545037,0.7661539466182362,15.3,18.24
-1.1746128591326266,1.2756249193674611,0.5619514869490164,0.9725122370185867,-1.0,-1.3416407864998738,1.2440491960545037,0.7661539466182362,19.06,21.68
-1.1746128591326266,1.2756249193674611,0.5619514869490164,0.9725122370185867,-1.0,-0.4472135954999579,1.2440491960545037,0.7661539466182362,19.13,21.54
-1.1746128591326266,1.2756249193674611,0.5619514869490164,0.9725122370185867,-1.0,0.4472135954999579,1.2440491960545037,0.7661539466182362,19.0,22.25
-1.1746128591326266,1.2756249193674611,0.5619514869490164,0.9725122370185867,-1.0,1.3416407864998738,1.2440491960545037,0.7661539466182362,18.84,22.49
-1.363812245838553,1.5539430835930892,1.1239029738980328,0.9725122370185867,-1.0,-1.3416407864998738,1.2440491960545037,0.7661539466182362,16.44,17.1
-1.363812245838553,1.5539430835930892,1.1239029738980328,0.9725122370185867,-1.0,-0.4472135954999579,1.2440491960545037,0.7661539466182362,16.9,16.79
-1.363812245838553,1.5539430835930892,1.1239029738980328,0.9725122370185867,-1.0,0.4472135954999579,1.2440491960545037,0.7661539466182362,16.94,16.58
-1.363812245838553,1.5539430835930892,1.1239029738980328,0.9725122370185867,-1.0,1.3416407864998738,1.2440491960545037,0.7661539466182362,16.77,16.79
2.041776714868123,-1.7858748871144468,-0.5619514869490164,-1.4700766373536769,1.0,-1.3416407864998738,1.2440491960545037,1.4113362174546455,32.84,32.88
2.041776714868123,-1.7858748871144468,-0.5619514869490164,-1.4700766373536769,1.0,-0.4472135954999579,1.2440491960545037,1.4113362174546455,32.72,33.23
2.041776714868123,-1.7858748871144468,-0.5619514869490164,-1.4700766373536769,1.0,0.4472135954999579,1.2440491960545037,1.4113362174546455,32.21,33.76
2.041776714868123,-1.7858748871144468,-0.5619514869490164,-1.4700766373536769,1.0,1.3416407864998738,1.2440491960545037,1.4113362174546455,32.73,34.01
1.2849791680444174,-1.2292385586631907,0.0,-1.1986778735345365,1.0,-1.3416407864998738,1.2440491960545037,1.4113362174546455,35.67,33.94
1.2849791680444174,-1.2292385586631907,0.0,-1.1986778735345365,1.0,-0.4472135954999579,1.2440491960545037,1.4113362174546455,35.01,33.14
1.2849791680444174,-1.2292385586631907,0.0,-1.1986778735345365,1.0,0.4472135954999579,1.2440491960545037,1.4113362174546455,34.72,38.79
1.2849791680444174,-1.2292385586631907,0.0,-1.1986778735345365,1.0,1.3416407864998738,1.2440491960545037,1.4113362174546455,35.24,37.27
0.9065803946325642,-0.9509203944375627,-0.5619514869490164,-0.6558803458962558,1.0,-1.3416407864998738,1.2440491960545037,1.4113362174546455,32.31,29.69
0.9065803946325642,-0.9509203944375627,-0.5619514869490164,-0.6558803458962558,1.0,-0.4472135954999579,1.2440491960545037,1.4113362174546455,31.81,31.2
0.9065803946325642,-0.9509203944375627,-0.5619514869490164,-0.6558803458962558,1.0,0.4472135954999579,1.2440491960545037,1.4113362174546455,31.12,36.26
0.9065803946325642,-0.9509203944375627,-0.5619514869490164,-0.6558803458962558,1.0,1.3416407864998738,1.2440491960545037,1.4113362174546455,32.06,35.71
0.528181621220711,-0.6726022302119348,0.0,-0.6558803458962558,1.0,-1.3416407864998738,1.2440491960545037,1.4113362174546455,30.0,29.93
0.528181621220711,-0.6726022302119348,0.0,-0.6558803458962558,1.0,-0.4472135954999579,1.2440491960545037,1.4113362174546455,29.5,29.56
0.528181621220711,-0.6726022302119348,0.0,-0.6558803458962558,1.0,0.4472135954999579,1.2440491960545037,1.4113362174546455,29.06,33.84
0.528181621220711,-0.6726022302119348,0.0,-0.6558803458962558,1.0,1.3416407864998738,1.2440491960545037,1.4113362174546455,29.92,32.54
0.24438254116182206,-0.3942840659863067,0.5619514869490164,-0.6558803458962558,1.0,-1.3416407864998738,1.2440491960545037,1.4113362174546455,42.11,38.56
0.24438254116182206,-0.3942840659863067,0.5619514869490164,-0.6558803458962558,1.0,-0.4472135954999579,1.2440491960545037,1.4113362174546455,41.96,37.7
0.24438254116182206,-0.3942840659863067,0.5619514869490164,-0.6558803458962558,1.0,0.4472135954999579,1.2440491960545037,1.4113362174546455,41.09,47.01
0.24438254116182206,-0.3942840659863067,0.5619514869490164,-0.6558803458962558,1.0,1.3416407864998738,1.2440491960545037,1.4113362174546455,40.79,44.87
-0.03941653889706787,-0.11596590176067875,2.2478059477960657,-1.1986778735345365,1.0,-1.3416407864998738,1.2440491960545037,1.4113362174546455,38.82,39.37
-0.03941653889706787,-0.11596590176067875,2.2478059477960657,-1.1986778735345365,1.0,-0.4472135954999579,1.2440491960545037,1.4113362174546455,39.72,39.8
-0.03941653889706787,-0.11596590176067875,2.2478059477960657,-1.1986778735345365,1.0,0.4472135954999579,1.2440491960545037,1.4113362174546455,39.31,37.79
-0.03941653889706787,-0.11596590176067875,2.2478059477960657,-1.1986778735345365,1.0,1.3416407864998738,1.2440491960545037,1.4113362174546455,39.86,38.18
-0.22861592560299449,0.16235226246494922,-1.6858544608470492,0.9725122370185867,-1.0,-1.3416407864998738,1.2440491960545037,1.4113362174546455,14.41,16.69
-0.22861592560299449,0.16235226246494922,-1.6858544608470492,0.9725122370185867,-1.0,-0.4472135954999579,1.2440491960545037,1.4113362174546455,14.19,16.62
-0.22861592560299449,0.16235226246494922,-1.6858544608470492,0.9725122370185867,-1.0,0.4472135954999579,1.2440491960545037,1.4113362174546455,14.17,16.94
-0.22861592560299449,0.16235226246494922,-1.6858544608470492,0.9725122370185867,-1.0,1.3416407864998738,1.2440491960545037,1.4113362174546455,14.39,16.7
-0.5124150056618845,0.4406704266905772,-1.1239029738980328,0.9725122370185867,-1.0,-1.3416407864998738,1.2440491960545037,1.4113362174546455,12.43,15.59
-0.5124150056618845,0.4406704266905772,-1.1239029738980328,0.9725122370185867,-1.0,-0.4472135954999579,1.2440491960545037,1.4113362174546455,12.63,14.58
-0.5124150056618845,0.4406704266905772,-1.1239029738980328,0.9725122370185867,-1.0,0.4472135954999579,1.2440491960545037,1.4113362174546455,12.76,15.33
-0.5124150056618845,0.4406704266905772,-1.1239029738980328,0.9725122370185867,-1.0,1.3416407864998738,1.2440491960545037,1.4113362174546455,12.42,15.31
-0.7016143923678111,0.7189885909162052,-0.5619514869490164,0.9725122370185867,-1.0,-1.3416407864998738,1.2440491960545037,1.4113362174546455,14.12,16.63
-0.7016143923678111,0.7189885909162052,-0.5619514869490164,0.9725122370185867,-1.0,-0.4472135954999579,1.2440491960545037,1.4113362174546455,14.28,15.87
-0.7016143923678111,0.7189885909162052,-0.5619514869490164,0.9725122370185867,-1.0,0.4472135954999579,1.2440491960545037,1.4113362174546455,14.37,16.54
-0.7016143923678111,0.7189885909162052,-0.5619514869490164,0.9725122370185867,-1.0,1.3416407864998738,1.2440491960545037,1.4113362174546455,14.21,16.74
-0.9854134724267,0.9973067551418332,0.0,0.9725122370185867,-1.0,-1.3416407864998738,1.2440491960545037,1.4113362174546455,14.96,17.64
-0.9854134724267,0.9973067551418332,0.0,0.9725122370185867,-1.0,-0.4472135954999579,1.2440491960545037,1.4113362174546455,14.92,17.79
-0.9854134724267,0.9973067551418332,0.0,0.9725122370185867,-1.0,0.4472135954999579,1.2440491960545037,1.4113362174546455,14.92,17.55
-0.9854134724267,0.9973067551418332,0.0,0.9725122370185867,-1.0,1.3416407864998738,1.2440491960545037,1.4113362174546455,15.16,18.06
-1.1746128591326266,1.2756249193674611,0.5619514869490164,0.9725122370185867,-1.0,-1.3416407864998738,1.2440491960545037,1.4113362174546455,17.69,20.82
-1.1746128591326266,1.2756249193674611,0.5619514869490164,0.9725122370185867,-1.0,-0.4472135954999579,1.2440491960545037,1.4113362174546455,18.19,20.21
-1.1746128591326266,1.2756249193674611,0.5619514869490164,0.9725122370185867,-1.0,0.4472135954999579,1.2440491960545037,1.4113362174546455,18.16,20.71
-1.1746128591326266,1.2756249193674611,0.5619514869490164,0.9725122370185867,-1.0,1.3416407864998738,1.2440491960545037,1.4113362174546455,17.88,21.4
-1.363812245838553,1.5539430835930892,1.1239029738980328,0.9725122370185867,-1.0,-1.3416407864998738,1.2440491960545037,1.4113362174546455,16.54,16.88
-1.363812245838553,1.5539430835930892,1.1239029738980328,0.9725122370185867,-1.0,-0.4472135954999579,1.2440491960545037,1.4113362174546455,16.44,17.11
-1.363812245838553,1.5539430835930892,1.1239029738980328,0.9725122370185867,-1.0,0.4472135954999579,1.2440491960545037,1.4113362174546455,16.48,16.61
-1.363812245838553,1.5539430835930892,1.1239029738980328,0.9725122370185867,-1.0,1.3416407864998738,1.2440491960545037,1.4113362174546455,16.64,16.03
